Code_departement,Libelle_departement,Code_Nuance,Voix_T1,pct_Voix_Ins_T1,pct_Voix_Exp_T1,Sieges_T1,Annee,Voix_T2,pct_Voix_Ins_T2,pct_Voix_Exp_T2,Sieges_T2
01,Ain,DIV,1565.0,0.36,0.76,0.0,2022,0.0,0.0,0.0,0.0
01,Ain,DSV,2835.0,0.64,1.37,0.0,2022,0.0,0.0,0.0,0.0
01,Ain,DVC,4280.0,0.97,2.06,0.0,2022,0.0,0.0,0.0,0.0
01,Ain,DVD,14026.0,3.18,6.77,0.0,2022,17687.0,4.01,9.85,1.0
01,Ain,DVG,292.0,0.07,0.14,0.0,2022,0.0,0.0,0.0,0.0
01,Ain,DXG,1809.0,0.41,0.87,0.0,2022,0.0,0.0,0.0,0.0
01,Ain,ECO,5226.0,1.19,2.52,0.0,2022,0.0,0.0,0.0,0.0
01,Ain,ENS,39008.0,8.85,18.82,0.0,2022,43358.0,9.84,24.14,2.0
01,Ain,LR,34994.0,7.94,16.88,0.0,2022,24407.0,5.54,13.59,1.0
01,Ain,NUP,46671.0,10.59,22.52,0.0,2022,71536.0,16.23,39.83,0.0
01,Ain,RDG,2215.0,0.5,1.07,0.0,2022,0.0,0.0,0.0,0.0
01,Ain,REC,10801.0,2.45,5.21,0.0,2022,0.0,0.0,0.0,0.0
01,Ain,RN,43544.0,9.88,21.01,0.0,2022,22601.0,5.13,12.58,1.0
02,Aisne,DIV,288.0,0.08,0.17,0.0,2022,0.0,0.0,0.0,0.0
02,Aisne,DSV,2435.0,0.65,1.45,0.0,2022,0.0,0.0,0.0,0.0
02,Aisne,DVC,6093.0,1.63,3.63,0.0,2022,0.0,0.0,0.0,0.0
02,Aisne,DVD,2052.0,0.55,1.22,0.0,2022,0.0,0.0,0.0,0.0
02,Aisne,DVG,505.0,0.13,0.3,0.0,2022,0.0,0.0,0.0,0.0
02,Aisne,DXG,2744.0,0.73,1.63,0.0,2022,0.0,0.0,0.0,0.0
02,Aisne,ECO,892.0,0.24,0.53,0.0,2022,0.0,0.0,0.0,0.0
02,Aisne,ENS,25540.0,6.82,15.2,0.0,2022,27404.0,7.32,17.86,0.0
02,Aisne,LR,25314.0,6.76,15.06,0.0,2022,17463.0,4.67,11.38,1.0
02,Aisne,NUP,40464.0,10.81,24.08,0.0,2022,28015.0,7.48,18.25,1.0
02,Aisne,REC,6077.0,1.62,3.62,0.0,2022,0.0,0.0,0.0,0.0
02,Aisne,RN,55639.0,14.86,33.11,0.0,2022,80592.0,21.53,52.51,3.0
03,Allier,DIV,4.0,0.0,0.0,0.0,2022,0.0,0.0,0.0,0.0
03,Allier,DSV,1035.0,0.41,0.84,0.0,2022,0.0,0.0,0.0,0.0
03,Allier,DVC,3037.0,1.21,2.45,0.0,2022,0.0,0.0,0.0,0.0
03,Allier,DVD,936.0,0.37,0.76,0.0,2022,0.0,0.0,0.0,0.0
03,Allier,DVG,7649.0,3.05,6.17,0.0,2022,0.0,0.0,0.0,0.0
03,Allier,DXG,1457.0,0.58,1.18,0.0,2022,0.0,0.0,0.0,0.0
03,Allier,ECO,2539.0,1.01,2.05,0.0,2022,0.0,0.0,0.0,0.0
03,Allier,ENS,24649.0,9.84,19.89,0.0,2022,29843.0,11.91,28.96,0.0
03,Allier,LR,19538.0,7.8,15.76,0.0,2022,19296.0,7.7,18.72,1.0
03,Allier,NUP,30034.0,11.99,24.23,0.0,2022,37808.0,15.09,36.68,1.0
03,Allier,RDG,2584.0,1.03,2.08,0.0,2022,0.0,0.0,0.0,0.0
03,Allier,REC,5462.0,2.18,4.41,0.0,2022,0.0,0.0,0.0,0.0
03,Allier,REG,722.0,0.29,0.58,0.0,2022,0.0,0.0,0.0,0.0
03,Allier,RN,24304.0,9.7,19.61,0.0,2022,16116.0,6.43,15.64,1.0
04,Alpes-de-Haute-Provence,DIV,619.0,0.48,0.95,0.0,2022,0.0,0.0,0.0,0.0
04,Alpes-de-Haute-Provence,DSV,1308.0,1.02,2.01,0.0,2022,0.0,0.0,0.0,0.0
04,Alpes-de-Haute-Provence,DVD,544.0,0.42,0.83,0.0,2022,0.0,0.0,0.0,0.0
04,Alpes-de-Haute-Provence,DVG,1249.0,0.97,1.92,0.0,2022,0.0,0.0,0.0,0.0
04,Alpes-de-Haute-Provence,DXG,886.0,0.69,1.36,0.0,2022,0.0,0.0,0.0,0.0
04,Alpes-de-Haute-Provence,ECO,2876.0,2.24,4.41,0.0,2022,0.0,0.0,0.0,0.0
04,Alpes-de-Haute-Provence,ENS,17240.0,13.4,26.45,0.0,2022,15134.0,11.77,25.19,0.0
04,Alpes-de-Haute-Provence,NUP,18684.0,14.53,28.67,0.0,2022,30163.0,23.45,50.2,1.0
04,Alpes-de-Haute-Provence,REC,3163.0,2.46,4.85,0.0,2022,0.0,0.0,0.0,0.0
04,Alpes-de-Haute-Provence,REG,494.0,0.38,0.76,0.0,2022,0.0,0.0,0.0,0.0
04,Alpes-de-Haute-Provence,RN,16818.0,13.08,25.81,0.0,2022,14791.0,11.5,24.62,1.0
04,Alpes-de-Haute-Provence,UDI,1288.0,1.0,1.98,0.0,2022,0.0,0.0,0.0,0.0
05,Hautes-Alpes,DSV,960.0,0.84,1.63,0.0,2022,0.0,0.0,0.0,0.0
05,Hautes-Alpes,DVG,1077.0,0.95,1.83,0.0,2022,0.0,0.0,0.0,0.0
05,Hautes-Alpes,DXG,594.0,0.52,1.01,0.0,2022,0.0,0.0,0.0,0.0
05,Hautes-Alpes,ECO,1758.0,1.54,2.98,0.0,2022,0.0,0.0,0.0,0.0
05,Hautes-Alpes,ENS,18433.0,16.18,31.29,0.0,2022,28825.0,25.3,53.44,2.0
05,Hautes-Alpes,LR,5352.0,4.7,9.08,0.0,2022,0.0,0.0,0.0,0.0
05,Hautes-Alpes,NUP,16927.0,14.86,28.73,0.0,2022,25118.0,22.05,46.56,0.0
05,Hautes-Alpes,REC,1999.0,1.75,3.39,0.0,2022,0.0,0.0,0.0,0.0
05,Hautes-Alpes,REG,268.0,0.24,0.45,0.0,2022,0.0,0.0,0.0,0.0
05,Hautes-Alpes,RN,11548.0,10.14,19.6,0.0,2022,0.0,0.0,0.0,0.0
06,Alpes-Maritimes,DIV,1281.0,0.16,0.37,0.0,2022,0.0,0.0,0.0,0.0
06,Alpes-Maritimes,DSV,5494.0,0.7,1.58,0.0,2022,0.0,0.0,0.0,0.0
06,Alpes-Maritimes,DVC,2351.0,0.3,0.68,0.0,2022,0.0,0.0,0.0,0.0
06,Alpes-Maritimes,DVD,1919.0,0.25,0.55,0.0,2022,0.0,0.0,0.0,0.0
06,Alpes-Maritimes,DVG,1496.0,0.19,0.43,0.0,2022,0.0,0.0,0.0,0.0
06,Alpes-Maritimes,DXG,1984.0,0.25,0.57,0.0,2022,0.0,0.0,0.0,0.0
06,Alpes-Maritimes,ECO,17705.0,2.26,5.09,0.0,2022,0.0,0.0,0.0,0.0
06,Alpes-Maritimes,ENS,79660.0,10.17,22.91,0.0,2022,121908.0,15.56,39.99,1.0
06,Alpes-Maritimes,LR,78595.0,10.04,22.6,0.0,2022,101549.0,12.96,33.31,5.0
06,Alpes-Maritimes,NUP,58127.0,7.42,16.72,0.0,2022,14111.0,1.8,4.63,0.0
06,Alpes-Maritimes,RDG,1023.0,0.13,0.29,0.0,2022,0.0,0.0,0.0,0.0
06,Alpes-Maritimes,REC,27281.0,3.48,7.85,0.0,2022,0.0,0.0,0.0,0.0
06,Alpes-Maritimes,RN,70829.0,9.04,20.37,0.0,2022,67299.0,8.59,22.07,3.0
07,Ardèche,DSV,1953.0,0.76,1.45,0.0,2022,0.0,0.0,0.0,0.0
07,Ardèche,DVD,4722.0,1.84,3.51,0.0,2022,0.0,0.0,0.0,0.0
07,Ardèche,DVG,21041.0,8.2,15.66,0.0,2022,21550.0,8.39,17.5,1.0
07,Ardèche,DXG,2091.0,0.81,1.56,0.0,2022,0.0,0.0,0.0,0.0
07,Ardèche,ECO,1077.0,0.42,0.8,0.0,2022,0.0,0.0,0.0,0.0
07,Ardèche,ENS,27684.0,10.79,20.6,0.0,2022,25684.0,10.0,20.86,1.0
07,Ardèche,LR,20158.0,7.85,15.0,0.0,2022,24896.0,9.7,20.22,1.0
07,Ardèche,NUP,23774.0,9.26,17.69,0.0,2022,36652.0,14.28,29.77,0.0
07,Ardèche,REC,4529.0,1.76,3.37,0.0,2022,0.0,0.0,0.0,0.0
07,Ardèche,REG,1673.0,0.65,1.24,0.0,2022,0.0,0.0,0.0,0.0
07,Ardèche,RN,25678.0,10.0,19.11,0.0,2022,14339.0,5.59,11.65,0.0
08,Ardennes,DSV,918.0,0.49,1.09,0.0,2022,0.0,0.0,0.0,0.0
08,Ardennes,DVC,1379.0,0.74,1.64,0.0,2022,0.0,0.0,0.0,0.0
08,Ardennes,DVD,12332.0,6.6,14.65,0.0,2022,15575.0,8.33,20.62,1.0
08,Ardennes,DXG,1174.0,0.63,1.39,0.0,2022,0.0,0.0,0.0,0.0
08,Ardennes,ECO,1331.0,0.71,1.58,0.0,2022,0.0,0.0,0.0,0.0
08,Ardennes,ENS,12146.0,6.5,14.43,0.0,2022,14861.0,7.95,19.67,1.0
08,Ardennes,LR,17024.0,9.11,20.22,0.0,2022,15977.0,8.55,21.15,1.0
08,Ardennes,NUP,14752.0,7.89,17.52,0.0,2022,0.0,0.0,0.0,0.0
08,Ardennes,REC,3043.0,1.63,3.62,0.0,2022,0.0,0.0,0.0,0.0
08,Ardennes,RN,20078.0,10.74,23.85,0.0,2022,29127.0,15.59,38.56,0.0
09,Ariège,DIV,928.0,0.78,1.46,0.0,2022,0.0,0.0,0.0,0.0
09,Ariège,DSV,472.0,0.4,0.74,0.0,2022,0.0,0.0,0.0,0.0
09,Ariège,DVG,13588.0,11.37,21.34,0.0,2022,16225.0,13.58,29.36,1.0
09,Ariège,DXG,664.0,0.56,1.04,0.0,2022,0.0,0.0,0.0,0.0
09,Ariège,ECO,800.0,0.67,1.26,0.0,2022,0.0,0.0,0.0,0.0
09,Ariège,ENS,10474.0,8.77,16.45,0.0,2022,11917.0,9.97,21.56,0.0
09,Ariège,NUP,19771.0,16.55,31.05,0.0,2022,27129.0,22.7,49.08,1.0
09,Ariège,REC,2405.0,2.01,3.78,0.0,2022,0.0,0.0,0.0,0.0
09,Ariège,REG,881.0,0.74,1.38,0.0,2022,0.0,0.0,0.0,0.0
09,Ariège,RN,12915.0,10.81,20.28,0.0,2022,0.0,0.0,0.0,0.0
09,Ariège,UDI,783.0,0.66,1.23,0.0,2022,0.0,0.0,0.0,0.0
10,Aube,DIV,884.0,0.43,0.9,0.0,2022,0.0,0.0,0.0,0.0
10,Aube,DSV,1042.0,0.5,1.06,0.0,2022,0.0,0.0,0.0,0.0
10,Aube,DVC,1114.0,0.54,1.13,0.0,2022,0.0,0.0,0.0,0.0
10,Aube,DXG,1377.0,0.67,1.4,0.0,2022,0.0,0.0,0.0,0.0
10,Aube,ECO,1887.0,0.91,1.92,0.0,2022,0.0,0.0,0.0,0.0
10,Aube,ENS,20291.0,9.83,20.65,0.0,2022,26794.0,12.98,29.79,0.0
10,Aube,LR,20026.0,9.71,20.38,0.0,2022,19730.0,9.56,21.93,1.0
10,Aube,NUP,17153.0,8.31,17.46,0.0,2022,0.0,0.0,0.0,0.0
10,Aube,REC,4119.0,2.0,4.19,0.0,2022,0.0,0.0,0.0,0.0
10,Aube,RN,30354.0,14.71,30.9,0.0,2022,43432.0,21.04,48.28,2.0
11,Aude,DIV,927.0,0.33,0.66,0.0,2022,0.0,0.0,0.0,0.0
11,Aude,DSV,1819.0,0.65,1.29,0.0,2022,0.0,0.0,0.0,0.0
11,Aude,DVC,87.0,0.03,0.06,0.0,2022,0.0,0.0,0.0,0.0
11,Aude,DVG,452.0,0.16,0.32,0.0,2022,0.0,0.0,0.0,0.0
11,Aude,DXG,1647.0,0.59,1.17,0.0,2022,0.0,0.0,0.0,0.0
11,Aude,ECO,5613.0,2.0,3.98,0.0,2022,0.0,0.0,0.0,0.0
11,Aude,ENS,30926.0,11.01,21.94,0.0,2022,18724.0,6.67,14.78,0.0
11,Aude,LR,6207.0,2.21,4.4,0.0,2022,0.0,0.0,0.0,0.0
11,Aude,NUP,35371.0,12.59,25.09,0.0,2022,40627.0,14.46,32.06,0.0
11,Aude,RDG,7686.0,2.74,5.45,0.0,2022,0.0,0.0,0.0,0.0
11,Aude,REC,6587.0,2.35,4.67,0.0,2022,0.0,0.0,0.0,0.0
11,Aude,RN,42075.0,14.98,29.85,0.0,2022,67358.0,23.98,53.16,3.0
11,Aude,UDI,1573.0,0.56,1.12,0.0,2022,0.0,0.0,0.0,0.0
12,Aveyron,DSV,1240.0,0.56,1.05,0.0,2022,0.0,0.0,0.0,0.0
12,Aveyron,DVD,5614.0,2.55,4.75,0.0,2022,0.0,0.0,0.0,0.0
12,Aveyron,DVG,18.0,0.01,0.02,0.0,2022,0.0,0.0,0.0,0.0
12,Aveyron,DXG,1054.0,0.48,0.89,0.0,2022,0.0,0.0,0.0,0.0
12,Aveyron,ECO,2113.0,0.96,1.79,0.0,2022,0.0,0.0,0.0,0.0
12,Aveyron,ENS,35890.0,16.33,30.4,0.0,2022,58648.0,26.68,55.67,2.0
12,Aveyron,LR,18161.0,8.26,15.38,0.0,2022,0.0,0.0,0.0,0.0
12,Aveyron,NUP,29951.0,13.63,25.37,0.0,2022,46699.0,21.25,44.33,1.0
12,Aveyron,RDG,3835.0,1.74,3.25,0.0,2022,0.0,0.0,0.0,0.0
12,Aveyron,REC,3917.0,1.78,3.32,0.0,2022,0.0,0.0,0.0,0.0
12,Aveyron,RN,16273.0,7.4,13.78,0.0,2022,0.0,0.0,0.0,0.0
13,Bouches-du-Rhône,DIV,3563.0,0.25,0.58,0.0,2022,0.0,0.0,0.0,0.0
13,Bouches-du-Rhône,DSV,8560.0,0.6,1.39,0.0,2022,0.0,0.0,0.0,0.0
13,Bouches-du-Rhône,DVC,4593.0,0.32,0.75,0.0,2022,0.0,0.0,0.0,0.0
13,Bouches-du-Rhône,DVD,1846.0,0.13,0.3,0.0,2022,0.0,0.0,0.0,0.0
13,Bouches-du-Rhône,DVG,4022.0,0.28,0.65,0.0,2022,0.0,0.0,0.0,0.0
13,Bouches-du-Rhône,DXG,5954.0,0.42,0.97,0.0,2022,0.0,0.0,0.0,0.0
13,Bouches-du-Rhône,ECO,27594.0,1.94,4.49,0.0,2022,0.0,0.0,0.0,0.0
13,Bouches-du-Rhône,ENS,136388.0,9.61,22.19,0.0,2022,163186.0,11.49,28.92,6.0
13,Bouches-du-Rhône,LR,60749.0,4.28,9.88,0.0,2022,18154.0,1.28,3.22,0.0
13,Bouches-du-Rhône,NUP,161290.0,11.36,26.24,0.0,2022,162728.0,11.46,28.83,4.0
13,Bouches-du-Rhône,REC,41842.0,2.95,6.81,0.0,2022,0.0,0.0,0.0,0.0
13,Bouches-du-Rhône,REG,1298.0,0.09,0.21,0.0,2022,0.0,0.0,0.0,0.0
13,Bouches-du-Rhône,RN,152279.0,10.73,24.77,0.0,2022,220278.0,15.51,39.03,6.0
13,Bouches-du-Rhône,UDI,4693.0,0.33,0.76,0.0,2022,0.0,0.0,0.0,0.0
14,Calvados,DSV,4676.0,0.91,1.81,0.0,2022,0.0,0.0,0.0,0.0
14,Calvados,DVC,1817.0,0.35,0.7,0.0,2022,0.0,0.0,0.0,0.0
14,Calvados,DVD,3474.0,0.67,1.34,0.0,2022,0.0,0.0,0.0,0.0
14,Calvados,DVG,4264.0,0.83,1.65,0.0,2022,0.0,0.0,0.0,0.0
14,Calvados,DXG,4064.0,0.79,1.57,0.0,2022,0.0,0.0,0.0,0.0
14,Calvados,ECO,4471.0,0.87,1.73,0.0,2022,0.0,0.0,0.0,0.0
14,Calvados,ENS,77283.0,15.01,29.89,0.0,2022,126347.0,24.54,52.94,5.0
14,Calvados,LR,31351.0,6.09,12.13,0.0,2022,0.0,0.0,0.0,0.0
14,Calvados,NUP,70729.0,13.74,27.36,0.0,2022,96207.0,18.69,40.31,1.0
14,Calvados,REC,8481.0,1.65,3.28,0.0,2022,0.0,0.0,0.0,0.0
14,Calvados,RN,47905.0,9.3,18.53,0.0,2022,16120.0,3.13,6.75,0.0
15,Cantal,DVD,4055.0,3.5,6.68,0.0,2022,0.0,0.0,0.0,0.0
15,Cantal,DXG,722.0,0.62,1.19,0.0,2022,0.0,0.0,0.0,0.0
15,Cantal,ECO,7.0,0.01,0.01,0.0,2022,0.0,0.0,0.0,0.0
15,Cantal,ENS,12186.0,10.51,20.06,0.0,2022,14568.0,12.56,30.24,0.0
15,Cantal,LR,23771.0,20.5,39.13,0.0,2022,33608.0,28.98,69.76,2.0
15,Cantal,NUP,10638.0,9.17,17.51,0.0,2022,0.0,0.0,0.0,0.0
15,Cantal,REC,1809.0,1.56,2.98,0.0,2022,0.0,0.0,0.0,0.0
15,Cantal,RN,7556.0,6.51,12.44,0.0,2022,0.0,0.0,0.0,0.0
16,Charente,DIV,2603.0,1.01,2.06,0.0,2022,0.0,0.0,0.0,0.0
16,Charente,DSV,1325.0,0.51,1.05,0.0,2022,0.0,0.0,0.0,0.0
16,Charente,DVC,320.0,0.12,0.25,0.0,2022,0.0,0.0,0.0,0.0
16,Charente,DVG,15122.0,5.85,11.99,0.0,2022,0.0,0.0,0.0,0.0
16,Charente,DXG,1607.0,0.62,1.27,0.0,2022,0.0,0.0,0.0,0.0
16,Charente,ECO,4035.0,1.56,3.2,0.0,2022,0.0,0.0,0.0,0.0
16,Charente,ENS,33190.0,12.85,26.31,0.0,2022,58605.0,22.68,51.57,2.0
16,Charente,LR,8956.0,3.47,7.1,0.0,2022,0.0,0.0,0.0,0.0
16,Charente,NUP,28247.0,10.93,22.39,0.0,2022,18830.0,7.29,16.57,0.0
16,Charente,REC,4536.0,1.76,3.6,0.0,2022,0.0,0.0,0.0,0.0
16,Charente,RN,26223.0,10.15,20.78,0.0,2022,36208.0,14.01,31.86,1.0
17,Charente-Maritime,DIV,32.0,0.01,0.01,0.0,2022,0.0,0.0,0.0,0.0
17,Charente-Maritime,DSV,2741.0,0.53,1.07,0.0,2022,0.0,0.0,0.0,0.0
17,Charente-Maritime,DVC,3483.0,0.67,1.36,0.0,2022,0.0,0.0,0.0,0.0
17,Charente-Maritime,DVD,1063.0,0.2,0.41,0.0,2022,0.0,0.0,0.0,0.0
17,Charente-Maritime,DVG,24099.0,4.63,9.39,0.0,2022,34576.0,6.64,14.73,1.0
17,Charente-Maritime,DXG,2968.0,0.57,1.16,0.0,2022,0.0,0.0,0.0,0.0
17,Charente-Maritime,ECO,8442.0,1.62,3.29,0.0,2022,0.0,0.0,0.0,0.0
17,Charente-Maritime,ENS,65001.0,12.48,25.34,0.0,2022,93838.0,18.01,39.98,4.0
17,Charente-Maritime,LR,26853.0,5.15,10.47,0.0,2022,0.0,0.0,0.0,0.0
17,Charente-Maritime,NUP,57489.0,11.04,22.41,0.0,2022,41828.0,8.03,17.82,0.0
17,Charente-Maritime,RDG,1506.0,0.29,0.59,0.0,2022,0.0,0.0,0.0,0.0
17,Charente-Maritime,REC,10040.0,1.93,3.91,0.0,2022,0.0,0.0,0.0,0.0
17,Charente-Maritime,RN,52798.0,10.14,20.58,0.0,2022,64473.0,12.37,27.47,0.0
18,Cher,DIV,584.0,0.26,0.54,0.0,2022,0.0,0.0,0.0,0.0
18,Cher,DSV,1878.0,0.84,1.75,0.0,2022,0.0,0.0,0.0,0.0
18,Cher,DXG,1825.0,0.81,1.7,0.0,2022,0.0,0.0,0.0,0.0
18,Cher,ECO,1388.0,0.62,1.29,0.0,2022,0.0,0.0,0.0,0.0
18,Cher,ENS,31605.0,14.07,29.48,0.0,2022,37551.0,16.72,40.07,2.0
18,Cher,LR,11752.0,5.23,10.96,0.0,2022,0.0,0.0,0.0,0.0
18,Cher,NUP,27571.0,12.28,25.72,0.0,2022,27273.0,12.15,29.11,1.0
18,Cher,REC,4465.0,1.99,4.17,0.0,2022,0.0,0.0,0.0,0.0
18,Cher,RN,26134.0,11.64,24.38,0.0,2022,28880.0,12.86,30.82,0.0
19,Corrèze,DIV,2304.0,1.24,2.29,0.0,2022,0.0,0.0,0.0,0.0
19,Corrèze,DSV,465.0,0.25,0.46,0.0,2022,0.0,0.0,0.0,0.0
19,Corrèze,DVC,615.0,0.33,0.61,0.0,2022,0.0,0.0,0.0,0.0
19,Corrèze,DVG,8741.0,4.71,8.69,0.0,2022,0.0,0.0,0.0,0.0
19,Corrèze,DXG,1175.0,0.63,1.17,0.0,2022,0.0,0.0,0.0,0.0
19,Corrèze,ECO,2138.0,1.15,2.12,0.0,2022,0.0,0.0,0.0,0.0
19,Corrèze,ENS,20042.0,10.8,19.92,0.0,2022,0.0,0.0,0.0,0.0
19,Corrèze,LR,22034.0,11.87,21.9,0.0,2022,51706.0,27.86,56.01,2.0
19,Corrèze,NUP,23510.0,12.67,23.36,0.0,2022,40606.0,21.88,43.99,0.0
19,Corrèze,REC,3206.0,1.73,3.19,0.0,2022,0.0,0.0,0.0,0.0
19,Corrèze,RN,16395.0,8.83,16.29,0.0,2022,0.0,0.0,0.0,0.0
21,Côte-d'Or,DSV,1993.0,0.54,1.08,0.0,2022,0.0,0.0,0.0,0.0
21,Côte-d'Or,DVC,161.0,0.04,0.09,0.0,2022,0.0,0.0,0.0,0.0
21,Côte-d'Or,DVD,8512.0,2.31,4.61,0.0,2022,0.0,0.0,0.0,0.0
21,Côte-d'Or,DVG,5607.0,1.52,3.04,0.0,2022,0.0,0.0,0.0,0.0
21,Côte-d'Or,DXG,2128.0,0.58,1.15,0.0,2022,0.0,0.0,0.0,0.0
21,Côte-d'Or,ECO,3335.0,0.91,1.81,0.0,2022,0.0,0.0,0.0,0.0
21,Côte-d'Or,ENS,46864.0,12.72,25.39,0.0,2022,70119.0,19.03,43.17,4.0
21,Côte-d'Or,LR,24607.0,6.68,13.33,0.0,2022,19291.0,5.23,11.88,1.0
21,Côte-d'Or,NUP,43029.0,11.68,23.31,0.0,2022,43604.0,11.83,26.85,0.0
21,Côte-d'Or,RDG,2539.0,0.69,1.38,0.0,2022,0.0,0.0,0.0,0.0
21,Côte-d'Or,REC,8259.0,2.24,4.47,0.0,2022,0.0,0.0,0.0,0.0
21,Côte-d'Or,RN,37151.0,10.08,20.13,0.0,2022,29400.0,7.98,18.1,0.0
21,Côte-d'Or,UDI,386.0,0.1,0.21,0.0,2022,0.0,0.0,0.0,0.0
22,Côtes-d'Armor,DIV,1442.0,0.3,0.56,0.0,2022,0.0,0.0,0.0,0.0
22,Côtes-d'Armor,DSV,2127.0,0.45,0.83,0.0,2022,0.0,0.0,0.0,0.0
22,Côtes-d'Armor,DVC,3502.0,0.74,1.37,0.0,2022,0.0,0.0,0.0,0.0
22,Côtes-d'Armor,DVD,10051.0,2.12,3.92,0.0,2022,0.0,0.0,0.0,0.0
22,Côtes-d'Armor,DVG,16385.0,3.46,6.39,0.0,2022,0.0,0.0,0.0,0.0
22,Côtes-d'Armor,DXG,3492.0,0.74,1.36,0.0,2022,0.0,0.0,0.0,0.0
22,Côtes-d'Armor,ECO,6309.0,1.33,2.46,0.0,2022,0.0,0.0,0.0,0.0
22,Côtes-d'Armor,ENS,71651.0,15.14,27.95,0.0,2022,101889.0,21.53,42.16,3.0
22,Côtes-d'Armor,LR,27205.0,5.75,10.61,0.0,2022,30012.0,6.34,12.42,1.0
22,Côtes-d'Armor,NUP,66434.0,14.04,25.92,0.0,2022,109776.0,23.2,45.42,1.0
22,Côtes-d'Armor,REC,7085.0,1.5,2.76,0.0,2022,0.0,0.0,0.0,0.0
22,Côtes-d'Armor,REG,4699.0,0.99,1.83,0.0,2022,0.0,0.0,0.0,0.0
22,Côtes-d'Armor,RN,35963.0,7.6,14.03,0.0,2022,0.0,0.0,0.0,0.0
23,Creuse,DSV,853.0,0.94,1.79,0.0,2022,0.0,0.0,0.0,0.0
23,Creuse,DVD,10812.0,11.88,22.72,0.0,2022,0.0,0.0,0.0,0.0
23,Creuse,DVG,79.0,0.09,0.17,0.0,2022,0.0,0.0,0.0,0.0
23,Creuse,DXG,630.0,0.69,1.32,0.0,2022,0.0,0.0,0.0,0.0
23,Creuse,ECO,1061.0,1.17,2.23,0.0,2022,0.0,0.0,0.0,0.0
23,Creuse,ENS,12368.0,13.59,25.99,0.0,2022,20532.0,22.55,48.56,0.0
23,Creuse,NUP,12545.0,13.78,26.37,0.0,2022,21752.0,23.89,51.44,1.0
23,Creuse,REC,1115.0,1.22,2.34,0.0,2022,0.0,0.0,0.0,0.0
23,Creuse,RN,8118.0,8.92,17.06,0.0,2022,0.0,0.0,0.0,0.0
24,Dordogne,DIV,481.0,0.15,0.28,0.0,2022,0.0,0.0,0.0,0.0
24,Dordogne,DSV,1539.0,0.48,0.9,0.0,2022,0.0,0.0,0.0,0.0
24,Dordogne,DVC,12249.0,3.84,7.18,0.0,2022,19445.0,6.09,12.49,0.0
24,Dordogne,DVD,2121.0,0.66,1.24,0.0,2022,0.0,0.0,0.0,0.0
24,Dordogne,DVG,21320.0,6.68,12.49,0.0,2022,0.0,0.0,0.0,0.0
24,Dordogne,DXG,1530.0,0.48,0.9,0.0,2022,0.0,0.0,0.0,0.0
24,Dordogne,ECO,3203.0,1.0,1.88,0.0,2022,0.0,0.0,0.0,0.0
24,Dordogne,ENS,27079.0,8.48,15.86,0.0,2022,49898.0,15.63,32.06,1.0
24,Dordogne,LR,16138.0,5.05,9.45,0.0,2022,0.0,0.0,0.0,0.0
24,Dordogne,NUP,40783.0,12.77,23.89,0.0,2022,55934.0,17.52,35.93,2.0
24,Dordogne,RDG,775.0,0.24,0.45,0.0,2022,0.0,0.0,0.0,0.0
24,Dordogne,REC,6590.0,2.06,3.86,0.0,2022,0.0,0.0,0.0,0.0
24,Dordogne,REG,1254.0,0.39,0.73,0.0,2022,0.0,0.0,0.0,0.0
24,Dordogne,RN,35648.0,11.16,20.88,0.0,2022,30382.0,9.52,19.52,1.0
25,Doubs,DIV,755.0,0.2,0.43,0.0,2022,0.0,0.0,0.0,0.0
25,Doubs,DSV,1858.0,0.5,1.05,0.0,2022,0.0,0.0,0.0,0.0
25,Doubs,DVC,513.0,0.14,0.29,0.0,2022,0.0,0.0,0.0,0.0
25,Doubs,DVD,4879.0,1.32,2.76,0.0,2022,0.0,0.0,0.0,0.0
25,Doubs,DXG,2659.0,0.72,1.51,0.0,2022,0.0,0.0,0.0,0.0
25,Doubs,ECO,2171.0,0.59,1.23,0.0,2022,0.0,0.0,0.0,0.0
25,Doubs,ENS,45170.0,12.2,25.58,0.0,2022,72109.0,19.48,46.45,3.0
25,Doubs,LR,30926.0,8.36,17.51,0.0,2022,22678.0,6.13,14.61,1.0
25,Doubs,NUP,43643.0,11.79,24.71,0.0,2022,33792.0,9.13,21.77,0.0
25,Doubs,RDG,1442.0,0.39,0.82,0.0,2022,0.0,0.0,0.0,0.0
25,Doubs,REC,6521.0,1.76,3.69,0.0,2022,0.0,0.0,0.0,0.0
25,Doubs,REG,2.0,0.0,0.0,0.0,2022,0.0,0.0,0.0,0.0
25,Doubs,RN,36078.0,9.75,20.43,0.0,2022,26660.0,7.2,17.17,1.0
26,Drôme,DIV,12.0,0.0,0.01,0.0,2022,0.0,0.0,0.0,0.0
26,Drôme,DSV,3199.0,0.83,1.67,0.0,2022,0.0,0.0,0.0,0.0
26,Drôme,DVC,3694.0,0.96,1.93,0.0,2022,0.0,0.0,0.0,0.0
26,Drôme,DVG,2478.0,0.65,1.3,0.0,2022,0.0,0.0,0.0,0.0
26,Drôme,DXG,2114.0,0.55,1.11,0.0,2022,0.0,0.0,0.0,0.0
26,Drôme,ECO,3060.0,0.8,1.6,0.0,2022,0.0,0.0,0.0,0.0
26,Drôme,ENS,38659.0,10.07,20.23,0.0,2022,44887.0,11.69,25.81,1.0
26,Drôme,LR,35122.0,9.15,18.38,0.0,2022,27076.0,7.05,15.57,1.0
26,Drôme,NUP,57637.0,15.01,30.17,0.0,2022,80393.0,20.94,46.22,1.0
26,Drôme,REC,8064.0,2.1,4.22,0.0,2022,0.0,0.0,0.0,0.0
26,Drôme,RN,37026.0,9.64,19.38,0.0,2022,21566.0,5.62,12.4,1.0
27,Eure,DIV,566.0,0.13,0.27,0.0,2022,0.0,0.0,0.0,0.0
27,Eure,DSV,2210.0,0.51,1.07,0.0,2022,0.0,0.0,0.0,0.0
27,Eure,DVD,8278.0,1.91,3.99,0.0,2022,0.0,0.0,0.0,0.0
27,Eure,DVG,826.0,0.19,0.4,0.0,2022,0.0,0.0,0.0,0.0
27,Eure,DXD,854.0,0.2,0.41,0.0,2022,0.0,0.0,0.0,0.0
27,Eure,DXG,3006.0,0.69,1.45,0.0,2022,0.0,0.0,0.0,0.0
27,Eure,ECO,8815.0,2.03,4.25,0.0,2022,0.0,0.0,0.0,0.0
27,Eure,ENS,53065.0,12.24,25.59,0.0,2022,72486.0,16.71,38.32,0.0
27,Eure,LR,13765.0,3.17,6.64,0.0,2022,0.0,0.0,0.0,0.0
27,Eure,NUP,44941.0,10.36,21.67,0.0,2022,19824.0,4.57,10.48,1.0
27,Eure,RDG,712.0,0.16,0.34,0.0,2022,0.0,0.0,0.0,0.0
27,Eure,REC,8365.0,1.93,4.03,0.0,2022,0.0,0.0,0.0,0.0
27,Eure,RN,61965.0,14.29,29.88,0.0,2022,96856.0,22.33,51.2,4.0
28,Eure-et-Loir,DIV,1705.0,0.56,1.2,0.0,2022,0.0,0.0,0.0,0.0
28,Eure-et-Loir,DSV,1608.0,0.53,1.13,0.0,2022,0.0,0.0,0.0,0.0
28,Eure-et-Loir,DVC,329.0,0.11,0.23,0.0,2022,0.0,0.0,0.0,0.0
28,Eure-et-Loir,DVD,3706.0,1.22,2.61,0.0,2022,0.0,0.0,0.0,0.0
28,Eure-et-Loir,DXG,2817.0,0.92,1.98,0.0,2022,0.0,0.0,0.0,0.0
28,Eure-et-Loir,ECO,5341.0,1.75,3.76,0.0,2022,0.0,0.0,0.0,0.0
28,Eure-et-Loir,ENS,42664.0,14.0,30.0,0.0,2022,56259.0,18.46,44.4,3.0
28,Eure-et-Loir,LR,18418.0,6.04,12.95,0.0,2022,17957.0,5.89,14.17,1.0
28,Eure-et-Loir,NUP,27447.0,9.0,19.3,0.0,2022,16251.0,5.33,12.82,0.0
28,Eure-et-Loir,REC,5862.0,1.92,4.12,0.0,2022,0.0,0.0,0.0,0.0
28,Eure-et-Loir,RN,32308.0,10.6,22.72,0.0,2022,36254.0,11.89,28.61,0.0
29,Finistère,DIV,2388.0,0.34,0.65,0.0,2022,0.0,0.0,0.0,0.0
29,Finistère,DSV,2805.0,0.39,0.76,0.0,2022,0.0,0.0,0.0,0.0
29,Finistère,DVC,8295.0,1.16,2.25,0.0,2022,18127.0,2.55,5.18,1.0
29,Finistère,DVD,2266.0,0.32,0.61,0.0,2022,0.0,0.0,0.0,0.0
29,Finistère,DVG,4103.0,0.58,1.11,0.0,2022,0.0,0.0,0.0,0.0
29,Finistère,DXG,4658.0,0.65,1.26,0.0,2022,0.0,0.0,0.0,0.0
29,Finistère,ECO,4944.0,0.69,1.34,0.0,2022,0.0,0.0,0.0,0.0
29,Finistère,ENS,119680.0,16.81,32.47,0.0,2022,167775.0,23.56,47.95,6.0
29,Finistère,LR,30297.0,4.26,8.22,0.0,2022,0.0,0.0,0.0,0.0
29,Finistère,NUP,113236.0,15.9,30.72,0.0,2022,163966.0,23.02,46.87,1.0
29,Finistère,RDG,510.0,0.07,0.14,0.0,2022,0.0,0.0,0.0,0.0
29,Finistère,REC,11513.0,1.62,3.12,0.0,2022,0.0,0.0,0.0,0.0
29,Finistère,REG,11771.0,1.65,3.19,0.0,2022,0.0,0.0,0.0,0.0
29,Finistère,RN,47172.0,6.63,12.8,0.0,2022,0.0,0.0,0.0,0.0
29,Finistère,UDI,4971.0,0.7,1.35,0.0,2022,0.0,0.0,0.0,0.0
2A,Corse-du-Sud,DSV,548.0,0.48,1.11,0.0,2022,0.0,0.0,0.0,0.0
2A,Corse-du-Sud,DVC,2193.0,1.92,4.45,0.0,2022,0.0,0.0,0.0,0.0
2A,Corse-du-Sud,DVD,7084.0,6.21,14.37,0.0,2022,10852.0,9.51,22.23,0.0
2A,Corse-du-Sud,DVG,4667.0,4.09,9.47,0.0,2022,0.0,0.0,0.0,0.0
2A,Corse-du-Sud,DXG,159.0,0.14,0.32,0.0,2022,0.0,0.0,0.0,0.0
2A,Corse-du-Sud,ECO,928.0,0.81,1.88,0.0,2022,0.0,0.0,0.0,0.0
2A,Corse-du-Sud,ENS,7972.0,6.99,16.17,0.0,2022,12013.0,10.53,24.61,1.0
2A,Corse-du-Sud,REC,1940.0,1.7,3.93,0.0,2022,0.0,0.0,0.0,0.0
2A,Corse-du-Sud,REG,17022.0,14.92,34.52,0.0,2022,25941.0,22.74,53.15,1.0
2A,Corse-du-Sud,RN,6791.0,5.95,13.77,0.0,2022,0.0,0.0,0.0,0.0
2B,Haute-Corse,DIV,112.0,0.09,0.2,0.0,2022,0.0,0.0,0.0,0.0
2B,Haute-Corse,DSV,666.0,0.51,1.18,0.0,2022,0.0,0.0,0.0,0.0
2B,Haute-Corse,DVC,3352.0,2.59,5.93,0.0,2022,8055.0,6.22,14.6,0.0
2B,Haute-Corse,DVD,9267.0,7.16,16.4,0.0,2022,16621.0,12.84,30.12,0.0
2B,Haute-Corse,DVG,4828.0,3.73,8.54,0.0,2022,0.0,0.0,0.0,0.0
2B,Haute-Corse,DXG,327.0,0.25,0.58,0.0,2022,0.0,0.0,0.0,0.0
2B,Haute-Corse,ECO,646.0,0.5,1.14,0.0,2022,0.0,0.0,0.0,0.0
2B,Haute-Corse,ENS,2944.0,2.27,5.21,0.0,2022,0.0,0.0,0.0,0.0
2B,Haute-Corse,REC,1179.0,0.91,2.09,0.0,2022,0.0,0.0,0.0,0.0
2B,Haute-Corse,REG,26540.0,20.5,46.96,0.0,2022,30501.0,23.56,55.28,2.0
2B,Haute-Corse,RN,6654.0,5.14,11.77,0.0,2022,0.0,0.0,0.0,0.0
30,Gard,DIV,1358.0,0.24,0.53,0.0,2022,0.0,0.0,0.0,0.0
30,Gard,DSV,2365.0,0.42,0.92,0.0,2022,0.0,0.0,0.0,0.0
30,Gard,DVC,1344.0,0.24,0.52,0.0,2022,0.0,0.0,0.0,0.0
30,Gard,DVD,2579.0,0.46,1.0,0.0,2022,0.0,0.0,0.0,0.0
30,Gard,DVG,1109.0,0.2,0.43,0.0,2022,0.0,0.0,0.0,0.0
30,Gard,DXG,2675.0,0.48,1.04,0.0,2022,0.0,0.0,0.0,0.0
30,Gard,ECO,8270.0,1.48,3.22,0.0,2022,0.0,0.0,0.0,0.0
30,Gard,ENS,60667.0,10.89,23.6,0.0,2022,70923.0,12.73,30.5,1.0
30,Gard,LR,16287.0,2.92,6.33,0.0,2022,0.0,0.0,0.0,0.0
30,Gard,NUP,65610.0,11.77,25.52,0.0,2022,57127.0,10.25,24.57,1.0
30,Gard,RDG,1526.0,0.27,0.59,0.0,2022,0.0,0.0,0.0,0.0
30,Gard,REC,14296.0,2.57,5.56,0.0,2022,0.0,0.0,0.0,0.0
30,Gard,REG,2598.0,0.47,1.01,0.0,2022,0.0,0.0,0.0,0.0
30,Gard,RN,75025.0,13.46,29.18,0.0,2022,104461.0,18.74,44.93,4.0
30,Gard,UDI,1400.0,0.25,0.54,0.0,2022,0.0,0.0,0.0,0.0
31,Haute-Garonne,DIV,2269.0,0.24,0.46,0.0,2022,0.0,0.0,0.0,0.0
31,Haute-Garonne,DSV,3479.0,0.37,0.71,0.0,2022,0.0,0.0,0.0,0.0
31,Haute-Garonne,DVC,2013.0,0.21,0.41,0.0,2022,0.0,0.0,0.0,0.0
31,Haute-Garonne,DVD,7211.0,0.77,1.47,0.0,2022,0.0,0.0,0.0,0.0
31,Haute-Garonne,DVG,34722.0,3.7,7.07,0.0,2022,24191.0,2.58,5.42,1.0
31,Haute-Garonne,DXG,3964.0,0.42,0.81,0.0,2022,0.0,0.0,0.0,0.0
31,Haute-Garonne,ECO,13903.0,1.48,2.83,0.0,2022,0.0,0.0,0.0,0.0
31,Haute-Garonne,ENS,133853.0,14.27,27.24,0.0,2022,196395.0,20.94,44.04,4.0
31,Haute-Garonne,LR,26476.0,2.82,5.39,0.0,2022,0.0,0.0,0.0,0.0
31,Haute-Garonne,NUP,153424.0,16.36,31.22,0.0,2022,209473.0,22.33,46.97,5.0
31,Haute-Garonne,RDG,6448.0,0.69,1.31,0.0,2022,0.0,0.0,0.0,0.0
31,Haute-Garonne,REC,20930.0,2.23,4.26,0.0,2022,0.0,0.0,0.0,0.0
31,Haute-Garonne,REG,4289.0,0.46,0.87,0.0,2022,0.0,0.0,0.0,0.0
31,Haute-Garonne,RN,78380.0,8.36,15.95,0.0,2022,15867.0,1.69,3.56,0.0
32,Gers,DIV,585.0,0.4,0.72,0.0,2022,0.0,0.0,0.0,0.0
32,Gers,DSV,1269.0,0.86,1.57,0.0,2022,0.0,0.0,0.0,0.0
32,Gers,DVG,9816.0,6.65,12.15,0.0,2022,22203.0,15.04,31.23,1.0
32,Gers,DXG,654.0,0.44,0.81,0.0,2022,0.0,0.0,0.0,0.0
32,Gers,ECO,1854.0,1.26,2.29,0.0,2022,0.0,0.0,0.0,0.0
32,Gers,ENS,20537.0,13.91,25.41,0.0,2022,31874.0,21.59,44.83,1.0
32,Gers,LR,4874.0,3.3,6.03,0.0,2022,0.0,0.0,0.0,0.0
32,Gers,NUP,17343.0,11.75,21.46,0.0,2022,17025.0,11.53,23.94,0.0
32,Gers,RDG,4060.0,2.75,5.02,0.0,2022,0.0,0.0,0.0,0.0
32,Gers,REC,3801.0,2.57,4.7,0.0,2022,0.0,0.0,0.0,0.0
32,Gers,REG,848.0,0.57,1.05,0.0,2022,0.0,0.0,0.0,0.0
32,Gers,RN,15178.0,10.28,18.78,0.0,2022,0.0,0.0,0.0,0.0
33,Gironde,DIV,4178.0,0.36,0.72,0.0,2022,0.0,0.0,0.0,0.0
33,Gironde,DSV,5090.0,0.44,0.88,0.0,2022,0.0,0.0,0.0,0.0
33,Gironde,DVC,2150.0,0.18,0.37,0.0,2022,0.0,0.0,0.0,0.0
33,Gironde,DVD,12731.0,1.09,2.2,0.0,2022,0.0,0.0,0.0,0.0
33,Gironde,DVG,9305.0,0.8,1.61,0.0,2022,0.0,0.0,0.0,0.0
33,Gironde,DXG,6298.0,0.54,1.09,0.0,2022,0.0,0.0,0.0,0.0
33,Gironde,ECO,12993.0,1.12,2.25,0.0,2022,0.0,0.0,0.0,0.0
33,Gironde,ENS,176611.0,15.16,30.54,0.0,2022,237103.0,20.35,45.42,7.0
33,Gironde,LR,26886.0,2.31,4.65,0.0,2022,0.0,0.0,0.0,0.0
33,Gironde,NUP,173442.0,14.89,29.99,0.0,2022,195435.0,16.77,37.44,3.0
33,Gironde,RDG,8477.0,0.73,1.47,0.0,2022,0.0,0.0,0.0,0.0
33,Gironde,REC,24731.0,2.12,4.28,0.0,2022,0.0,0.0,0.0,0.0
33,Gironde,RN,114117.0,9.79,19.73,0.0,2022,89505.0,7.68,17.15,2.0
33,Gironde,UDI,1335.0,0.11,0.23,0.0,2022,0.0,0.0,0.0,0.0
34,Hérault,DIV,479.0,0.06,0.12,0.0,2022,0.0,0.0,0.0,0.0
34,Hérault,DSV,4185.0,0.49,1.04,0.0,2022,0.0,0.0,0.0,0.0
34,Hérault,DVC,2445.0,0.29,0.61,0.0,2022,0.0,0.0,0.0,0.0
34,Hérault,DVD,31658.0,3.71,7.89,0.0,2022,26255.0,3.08,7.28,1.0
34,Hérault,DVG,16967.0,1.99,4.23,0.0,2022,0.0,0.0,0.0,0.0
34,Hérault,DXG,2184.0,0.26,0.54,0.0,2022,0.0,0.0,0.0,0.0
34,Hérault,ECO,13774.0,1.62,3.43,0.0,2022,0.0,0.0,0.0,0.0
34,Hérault,ENS,87052.0,10.21,21.68,0.0,2022,71612.0,8.4,19.86,3.0
34,Hérault,LR,10206.0,1.2,2.54,0.0,2022,0.0,0.0,0.0,0.0
34,Hérault,NUP,105721.0,12.4,26.33,0.0,2022,167062.0,19.59,46.32,3.0
34,Hérault,RDG,18748.0,2.2,4.67,0.0,2022,0.0,0.0,0.0,0.0
34,Hérault,REC,22454.0,2.63,5.59,0.0,2022,0.0,0.0,0.0,0.0
34,Hérault,REG,185.0,0.02,0.05,0.0,2022,0.0,0.0,0.0,0.0
34,Hérault,RN,83235.0,9.76,20.73,0.0,2022,95715.0,11.23,26.54,2.0
34,Hérault,UDI,2200.0,0.26,0.55,0.0,2022,0.0,0.0,0.0,0.0
35,Ille-et-Vilaine,DIV,2766.0,0.36,0.69,0.0,2022,0.0,0.0,0.0,0.0
35,Ille-et-Vilaine,DSV,4129.0,0.53,1.03,0.0,2022,0.0,0.0,0.0,0.0
35,Ille-et-Vilaine,DVC,2898.0,0.37,0.72,0.0,2022,0.0,0.0,0.0,0.0
35,Ille-et-Vilaine,DVG,5210.0,0.67,1.3,0.0,2022,0.0,0.0,0.0,0.0
35,Ille-et-Vilaine,DXG,4569.0,0.59,1.14,0.0,2022,0.0,0.0,0.0,0.0
35,Ille-et-Vilaine,ECO,7320.0,0.94,1.82,0.0,2022,0.0,0.0,0.0,0.0
35,Ille-et-Vilaine,ENS,139362.0,17.97,34.74,0.0,2022,194050.0,25.02,50.88,3.0
35,Ille-et-Vilaine,LR,33446.0,4.31,8.34,0.0,2022,23704.0,3.06,6.22,1.0
35,Ille-et-Vilaine,NUP,132936.0,17.14,33.13,0.0,2022,163632.0,21.1,42.9,4.0
35,Ille-et-Vilaine,REC,11820.0,1.52,2.95,0.0,2022,0.0,0.0,0.0,0.0
35,Ille-et-Vilaine,REG,7110.0,0.92,1.77,0.0,2022,0.0,0.0,0.0,0.0
35,Ille-et-Vilaine,RN,49646.0,6.4,12.37,0.0,2022,0.0,0.0,0.0,0.0
36,Indre,DSV,601.0,0.36,0.74,0.0,2022,0.0,0.0,0.0,0.0
36,Indre,DVD,1659.0,1.0,2.04,0.0,2022,0.0,0.0,0.0,0.0
36,Indre,DXG,1578.0,0.95,1.94,0.0,2022,0.0,0.0,0.0,0.0
36,Indre,ECO,1182.0,0.71,1.45,0.0,2022,0.0,0.0,0.0,0.0
36,Indre,ENS,18344.0,11.04,22.51,0.0,2022,18158.0,10.93,25.54,1.0
36,Indre,LR,18091.0,10.89,22.2,0.0,2022,22507.0,13.55,31.66,1.0
36,Indre,NUP,18128.0,10.91,22.25,0.0,2022,14258.0,8.58,20.05,0.0
36,Indre,REC,3137.0,1.89,3.85,0.0,2022,0.0,0.0,0.0,0.0
36,Indre,RN,18770.0,11.3,23.03,0.0,2022,16173.0,9.73,22.75,0.0
37,Indre-et-Loire,DIV,457.0,0.1,0.21,0.0,2022,0.0,0.0,0.0,0.0
37,Indre-et-Loire,DSV,626.0,0.14,0.28,0.0,2022,0.0,0.0,0.0,0.0
37,Indre-et-Loire,DVC,1112.0,0.25,0.5,0.0,2022,0.0,0.0,0.0,0.0
37,Indre-et-Loire,DVD,2248.0,0.51,1.02,0.0,2022,0.0,0.0,0.0,0.0
37,Indre-et-Loire,DXG,3447.0,0.78,1.56,0.0,2022,0.0,0.0,0.0,0.0
37,Indre-et-Loire,ECO,10292.0,2.33,4.67,0.0,2022,0.0,0.0,0.0,0.0
37,Indre-et-Loire,ENS,63615.0,14.39,28.85,0.0,2022,106866.0,24.16,53.85,4.0
37,Indre-et-Loire,LR,17905.0,4.05,8.12,0.0,2022,0.0,0.0,0.0,0.0
37,Indre-et-Loire,NUP,59858.0,13.54,27.14,0.0,2022,76298.0,17.25,38.45,1.0
37,Indre-et-Loire,REC,9054.0,2.05,4.11,0.0,2022,0.0,0.0,0.0,0.0
37,Indre-et-Loire,RN,41462.0,9.38,18.8,0.0,2022,15286.0,3.46,7.7,0.0
37,Indre-et-Loire,UDI,10448.0,2.36,4.74,0.0,2022,0.0,0.0,0.0,0.0
38,Isère,DIV,649.0,0.07,0.15,0.0,2022,0.0,0.0,0.0,0.0
38,Isère,DSV,5449.0,0.61,1.26,0.0,2022,0.0,0.0,0.0,0.0
38,Isère,DVD,3391.0,0.38,0.78,0.0,2022,0.0,0.0,0.0,0.0
38,Isère,DVG,6894.0,0.77,1.59,0.0,2022,0.0,0.0,0.0,0.0
38,Isère,DXG,4781.0,0.54,1.1,0.0,2022,0.0,0.0,0.0,0.0
38,Isère,ECO,14708.0,1.65,3.4,0.0,2022,0.0,0.0,0.0,0.0
38,Isère,ENS,119348.0,13.41,27.58,0.0,2022,175338.0,19.7,44.89,4.0
38,Isère,LR,42123.0,4.73,9.73,0.0,2022,23678.0,2.66,6.06,1.0
38,Isère,NUP,132151.0,14.85,30.54,0.0,2022,122744.0,13.79,31.42,4.0
38,Isère,REC,18861.0,2.12,4.36,0.0,2022,0.0,0.0,0.0,0.0
38,Isère,REG,111.0,0.01,0.03,0.0,2022,0.0,0.0,0.0,0.0
38,Isère,RN,84317.0,9.48,19.48,0.0,2022,68849.0,7.74,17.63,1.0
39,Jura,DSV,1117.0,0.58,1.16,0.0,2022,0.0,0.0,0.0,0.0
39,Jura,DVC,289.0,0.15,0.3,0.0,2022,0.0,0.0,0.0,0.0
39,Jura,DVD,1123.0,0.59,1.17,0.0,2022,0.0,0.0,0.0,0.0
39,Jura,DVG,1589.0,0.83,1.65,0.0,2022,0.0,0.0,0.0,0.0
39,Jura,DXG,1307.0,0.68,1.36,0.0,2022,0.0,0.0,0.0,0.0
39,Jura,ENS,22643.0,11.84,23.55,0.0,2022,16833.0,8.8,19.15,1.0
39,Jura,LR,19847.0,10.38,20.64,0.0,2022,34777.0,18.19,39.57,2.0
39,Jura,NUP,24983.0,13.07,25.98,0.0,2022,36277.0,18.97,41.28,0.0
39,Jura,REC,3074.0,1.61,3.2,0.0,2022,0.0,0.0,0.0,0.0
39,Jura,RN,20193.0,10.56,21.0,0.0,2022,0.0,0.0,0.0,0.0
40,Landes,DSV,1392.0,0.42,0.8,0.0,2022,0.0,0.0,0.0,0.0
40,Landes,DVC,8473.0,2.56,4.88,0.0,2022,0.0,0.0,0.0,0.0
40,Landes,DVD,1237.0,0.37,0.71,0.0,2022,0.0,0.0,0.0,0.0
40,Landes,DVG,2281.0,0.69,1.31,0.0,2022,0.0,0.0,0.0,0.0
40,Landes,DXG,1912.0,0.58,1.1,0.0,2022,0.0,0.0,0.0,0.0
40,Landes,ECO,1567.0,0.47,0.9,0.0,2022,0.0,0.0,0.0,0.0
40,Landes,ENS,53464.0,16.15,30.81,0.0,2022,76817.0,23.2,49.45,2.0
40,Landes,LR,9373.0,2.83,5.4,0.0,2022,0.0,0.0,0.0,0.0
40,Landes,NUP,53877.0,16.28,31.05,0.0,2022,78513.0,23.71,50.55,1.0
40,Landes,REC,6560.0,1.98,3.78,0.0,2022,0.0,0.0,0.0,0.0
40,Landes,REG,1692.0,0.51,0.98,0.0,2022,0.0,0.0,0.0,0.0
40,Landes,RN,31674.0,9.57,18.26,0.0,2022,0.0,0.0,0.0,0.0
41,Loir-et-Cher,DIV,1488.0,0.61,1.22,0.0,2022,0.0,0.0,0.0,0.0
41,Loir-et-Cher,DSV,539.0,0.22,0.44,0.0,2022,0.0,0.0,0.0,0.0
41,Loir-et-Cher,DVC,3345.0,1.37,2.73,0.0,2022,0.0,0.0,0.0,0.0
41,Loir-et-Cher,DVD,780.0,0.32,0.64,0.0,2022,0.0,0.0,0.0,0.0
41,Loir-et-Cher,DXG,1651.0,0.67,1.35,0.0,2022,0.0,0.0,0.0,0.0
41,Loir-et-Cher,ECO,569.0,0.23,0.47,0.0,2022,0.0,0.0,0.0,0.0
41,Loir-et-Cher,ENS,31352.0,12.8,25.63,0.0,2022,58754.0,23.97,53.59,2.0
41,Loir-et-Cher,LR,9839.0,4.02,8.04,0.0,2022,0.0,0.0,0.0,0.0
41,Loir-et-Cher,NUP,24720.0,10.09,20.21,0.0,2022,15606.0,6.37,14.24,0.0
41,Loir-et-Cher,RDG,1299.0,0.53,1.06,0.0,2022,0.0,0.0,0.0,0.0
41,Loir-et-Cher,REC,8859.0,3.62,7.24,0.0,2022,0.0,0.0,0.0,0.0
41,Loir-et-Cher,RN,28707.0,11.72,23.47,0.0,2022,35270.0,14.39,32.17,1.0
41,Loir-et-Cher,UDI,9161.0,3.74,7.49,0.0,2022,0.0,0.0,0.0,0.0
42,Loire,DIV,325.0,0.06,0.13,0.0,2022,0.0,0.0,0.0,0.0
42,Loire,DSV,2618.0,0.51,1.08,0.0,2022,0.0,0.0,0.0,0.0
42,Loire,DVC,1234.0,0.24,0.51,0.0,2022,0.0,0.0,0.0,0.0
42,Loire,DVD,376.0,0.07,0.15,0.0,2022,0.0,0.0,0.0,0.0
42,Loire,DVG,7120.0,1.38,2.93,0.0,2022,0.0,0.0,0.0,0.0
42,Loire,DXD,254.0,0.05,0.1,0.0,2022,0.0,0.0,0.0,0.0
42,Loire,DXG,2950.0,0.57,1.21,0.0,2022,0.0,0.0,0.0,0.0
42,Loire,ECO,5089.0,0.99,2.09,0.0,2022,0.0,0.0,0.0,0.0
42,Loire,ENS,57184.0,11.07,23.51,0.0,2022,77399.0,14.98,37.05,2.0
42,Loire,LR,46631.0,9.03,19.17,0.0,2022,77472.0,15.0,37.09,3.0
42,Loire,NUP,55358.0,10.72,22.76,0.0,2022,54012.0,10.46,25.86,1.0
42,Loire,RDG,3744.0,0.72,1.54,0.0,2022,0.0,0.0,0.0,0.0
42,Loire,REC,10840.0,2.1,4.46,0.0,2022,0.0,0.0,0.0,0.0
42,Loire,RN,48252.0,9.34,19.84,0.0,2022,0.0,0.0,0.0,0.0
42,Loire,UDI,1288.0,0.25,0.53,0.0,2022,0.0,0.0,0.0,0.0
43,Haute-Loire,DIV,156.0,0.09,0.17,0.0,2022,0.0,0.0,0.0,0.0
43,Haute-Loire,DSV,495.0,0.27,0.53,0.0,2022,0.0,0.0,0.0,0.0
43,Haute-Loire,DXG,892.0,0.49,0.95,0.0,2022,0.0,0.0,0.0,0.0
43,Haute-Loire,ECO,3380.0,1.87,3.61,0.0,2022,0.0,0.0,0.0,0.0
43,Haute-Loire,ENS,12223.0,6.75,13.05,0.0,2022,0.0,0.0,0.0,0.0
43,Haute-Loire,LR,42564.0,23.5,45.44,0.0,2022,58099.0,32.09,69.39,2.0
43,Haute-Loire,NUP,18099.0,9.99,19.32,0.0,2022,25635.0,14.16,30.61,0.0
43,Haute-Loire,REC,2409.0,1.33,2.57,0.0,2022,0.0,0.0,0.0,0.0
43,Haute-Loire,REG,367.0,0.2,0.39,0.0,2022,0.0,0.0,0.0,0.0
43,Haute-Loire,RN,13076.0,7.22,13.96,0.0,2022,0.0,0.0,0.0,0.0
44,Loire-Atlantique,DIV,1620.0,0.15,0.3,0.0,2022,0.0,0.0,0.0,0.0
44,Loire-Atlantique,DSV,6889.0,0.65,1.3,0.0,2022,0.0,0.0,0.0,0.0
44,Loire-Atlantique,DVC,18000.0,1.7,3.39,0.0,2022,0.0,0.0,0.0,0.0
44,Loire-Atlantique,DVD,6375.0,0.6,1.2,0.0,2022,0.0,0.0,0.0,0.0
44,Loire-Atlantique,DVG,8808.0,0.83,1.66,0.0,2022,0.0,0.0,0.0,0.0
44,Loire-Atlantique,DXG,6433.0,0.61,1.21,0.0,2022,0.0,0.0,0.0,0.0
44,Loire-Atlantique,ECO,11758.0,1.11,2.21,0.0,2022,0.0,0.0,0.0,0.0
44,Loire-Atlantique,ENS,153407.0,14.46,28.85,0.0,2022,251904.0,23.74,50.17,5.0
44,Loire-Atlantique,LR,39521.0,3.73,7.43,0.0,2022,0.0,0.0,0.0,0.0
44,Loire-Atlantique,NUP,182739.0,17.22,34.37,0.0,2022,250197.0,23.58,49.83,5.0
44,Loire-Atlantique,REC,19183.0,1.81,3.61,0.0,2022,0.0,0.0,0.0,0.0
44,Loire-Atlantique,REG,7678.0,0.72,1.44,0.0,2022,0.0,0.0,0.0,0.0
44,Loire-Atlantique,RN,65552.0,6.18,12.33,0.0,2022,0.0,0.0,0.0,0.0
44,Loire-Atlantique,UDI,3792.0,0.36,0.71,0.0,2022,0.0,0.0,0.0,0.0
45,Loiret,DIV,3064.0,0.67,1.38,0.0,2022,0.0,0.0,0.0,0.0
45,Loiret,DSV,1493.0,0.32,0.67,0.0,2022,0.0,0.0,0.0,0.0
45,Loiret,DVD,6819.0,1.48,3.08,0.0,2022,0.0,0.0,0.0,0.0
45,Loiret,DVG,2013.0,0.44,0.91,0.0,2022,0.0,0.0,0.0,0.0
45,Loiret,DXG,2967.0,0.65,1.34,0.0,2022,0.0,0.0,0.0,0.0
45,Loiret,ECO,4464.0,0.97,2.02,0.0,2022,0.0,0.0,0.0,0.0
45,Loiret,ENS,59434.0,12.94,26.84,0.0,2022,90726.0,19.75,45.62,4.0
45,Loiret,LR,24383.0,5.31,11.01,0.0,2022,0.0,0.0,0.0,0.0
45,Loiret,NUP,50863.0,11.07,22.97,0.0,2022,56470.0,12.29,28.4,0.0
45,Loiret,REC,8746.0,1.9,3.95,0.0,2022,0.0,0.0,0.0,0.0
45,Loiret,RN,52563.0,11.44,23.74,0.0,2022,51669.0,11.25,25.98,2.0
45,Loiret,UDI,4621.0,1.01,2.09,0.0,2022,0.0,0.0,0.0,0.0
46,Lot,DIV,957.0,0.69,1.18,0.0,2022,0.0,0.0,0.0,0.0
46,Lot,DVC,692.0,0.5,0.85,0.0,2022,0.0,0.0,0.0,0.0
46,Lot,DVD,228.0,0.16,0.28,0.0,2022,0.0,0.0,0.0,0.0
46,Lot,DVG,17098.0,12.25,21.11,0.0,2022,11966.0,8.58,15.55,0.0
46,Lot,DXG,592.0,0.42,0.73,0.0,2022,0.0,0.0,0.0,0.0
46,Lot,ECO,342.0,0.25,0.42,0.0,2022,0.0,0.0,0.0,0.0
46,Lot,ENS,9103.0,6.52,11.24,0.0,2022,12744.0,9.13,16.56,1.0
46,Lot,LR,22471.0,16.11,27.75,0.0,2022,25615.0,18.36,33.28,1.0
46,Lot,NUP,18590.0,13.32,22.96,0.0,2022,26634.0,19.09,34.61,0.0
46,Lot,REC,2329.0,1.67,2.88,0.0,2022,0.0,0.0,0.0,0.0
46,Lot,RN,8579.0,6.15,10.59,0.0,2022,0.0,0.0,0.0,0.0
47,Lot-et-Garonne,DSV,1051.0,0.43,0.85,0.0,2022,0.0,0.0,0.0,0.0
47,Lot-et-Garonne,DVC,908.0,0.38,0.73,0.0,2022,0.0,0.0,0.0,0.0
47,Lot-et-Garonne,DVD,3039.0,1.26,2.46,0.0,2022,0.0,0.0,0.0,0.0
47,Lot-et-Garonne,DXD,277.0,0.11,0.22,0.0,2022,0.0,0.0,0.0,0.0
47,Lot-et-Garonne,DXG,1600.0,0.66,1.29,0.0,2022,0.0,0.0,0.0,0.0
47,Lot-et-Garonne,ECO,2014.0,0.83,1.63,0.0,2022,0.0,0.0,0.0,0.0
47,Lot-et-Garonne,ENS,31370.0,12.96,25.37,0.0,2022,32812.0,13.55,28.71,1.0
47,Lot-et-Garonne,LR,10242.0,4.23,8.28,0.0,2022,0.0,0.0,0.0,0.0
47,Lot-et-Garonne,NUP,31066.0,12.83,25.12,0.0,2022,27041.0,11.17,23.66,0.0
47,Lot-et-Garonne,RDG,866.0,0.36,0.7,0.0,2022,0.0,0.0,0.0,0.0
47,Lot-et-Garonne,REC,6505.0,2.69,5.26,0.0,2022,0.0,0.0,0.0,0.0
47,Lot-et-Garonne,REG,321.0,0.13,0.26,0.0,2022,0.0,0.0,0.0,0.0
47,Lot-et-Garonne,RN,34411.0,14.21,27.82,0.0,2022,54426.0,22.48,47.63,2.0
48,Lozère,DIV,2876.0,4.8,8.46,0.0,2022,0.0,0.0,0.0,0.0
48,Lozère,DVD,4663.0,7.78,13.72,0.0,2022,0.0,0.0,0.0,0.0
48,Lozère,DXG,267.0,0.45,0.79,0.0,2022,0.0,0.0,0.0,0.0
48,Lozère,ECO,339.0,0.57,1.0,0.0,2022,0.0,0.0,0.0,0.0
48,Lozère,ENS,5996.0,10.01,17.64,0.0,2022,0.0,0.0,0.0,0.0
48,Lozère,NUP,8637.0,14.42,25.41,0.0,2022,14620.0,24.4,45.72,0.0
48,Lozère,REC,1137.0,1.9,3.35,0.0,2022,0.0,0.0,0.0,0.0
48,Lozère,RN,3704.0,6.18,10.9,0.0,2022,0.0,0.0,0.0,0.0
48,Lozère,UDI,6371.0,10.63,18.74,0.0,2022,17355.0,28.97,54.28,1.0
49,Maine-et-Loire,DIV,2869.0,0.49,1.02,0.0,2022,0.0,0.0,0.0,0.0
49,Maine-et-Loire,DSV,4043.0,0.68,1.43,0.0,2022,0.0,0.0,0.0,0.0
49,Maine-et-Loire,DVC,7700.0,1.3,2.73,0.0,2022,0.0,0.0,0.0,0.0
49,Maine-et-Loire,DVD,8278.0,1.4,2.94,0.0,2022,0.0,0.0,0.0,0.0
49,Maine-et-Loire,DVG,2748.0,0.46,0.98,0.0,2022,0.0,0.0,0.0,0.0
49,Maine-et-Loire,DXG,3821.0,0.65,1.36,0.0,2022,0.0,0.0,0.0,0.0
49,Maine-et-Loire,ECO,4343.0,0.73,1.54,0.0,2022,0.0,0.0,0.0,0.0
49,Maine-et-Loire,ENS,96987.0,16.4,34.42,0.0,2022,132517.0,22.4,50.66,6.0
49,Maine-et-Loire,LR,17328.0,2.93,6.15,0.0,2022,19020.0,3.21,7.27,1.0
49,Maine-et-Loire,NUP,75940.0,12.84,26.95,0.0,2022,110028.0,18.6,42.07,0.0
49,Maine-et-Loire,RDG,954.0,0.16,0.34,0.0,2022,0.0,0.0,0.0,0.0
49,Maine-et-Loire,REC,10162.0,1.72,3.61,0.0,2022,0.0,0.0,0.0,0.0
49,Maine-et-Loire,RN,43794.0,7.4,15.54,0.0,2022,0.0,0.0,0.0,0.0
49,Maine-et-Loire,UDI,2833.0,0.48,1.01,0.0,2022,0.0,0.0,0.0,0.0
50,Manche,DSV,1811.0,0.47,0.96,0.0,2022,0.0,0.0,0.0,0.0
50,Manche,DVC,1303.0,0.34,0.69,0.0,2022,0.0,0.0,0.0,0.0
50,Manche,DVD,6092.0,1.58,3.24,0.0,2022,0.0,0.0,0.0,0.0
50,Manche,DVG,489.0,0.13,0.26,0.0,2022,0.0,0.0,0.0,0.0
50,Manche,DXG,2068.0,0.54,1.1,0.0,2022,0.0,0.0,0.0,0.0
50,Manche,ECO,5332.0,1.39,2.83,0.0,2022,0.0,0.0,0.0,0.0
50,Manche,ENS,59383.0,15.43,31.55,0.0,2022,75312.0,19.57,43.62,2.0
50,Manche,LR,28638.0,7.44,15.22,0.0,2022,27166.0,7.06,15.74,1.0
50,Manche,NUP,43582.0,11.33,23.16,0.0,2022,70166.0,18.23,40.64,1.0
50,Manche,REC,5454.0,1.42,2.9,0.0,2022,0.0,0.0,0.0,0.0
50,Manche,RN,33139.0,8.61,17.61,0.0,2022,0.0,0.0,0.0,0.0
50,Manche,UDI,923.0,0.24,0.49,0.0,2022,0.0,0.0,0.0,0.0
51,Marne,DIV,1304.0,0.34,0.76,0.0,2022,0.0,0.0,0.0,0.0
51,Marne,DSV,2335.0,0.61,1.37,0.0,2022,0.0,0.0,0.0,0.0
51,Marne,DVC,4103.0,1.07,2.4,0.0,2022,0.0,0.0,0.0,0.0
51,Marne,DVD,16329.0,4.27,9.56,0.0,2022,21325.0,5.58,13.94,1.0
51,Marne,DXG,2313.0,0.61,1.35,0.0,2022,0.0,0.0,0.0,0.0
51,Marne,ECO,5590.0,1.46,3.27,0.0,2022,0.0,0.0,0.0,0.0
51,Marne,ENS,41522.0,10.86,24.31,0.0,2022,50028.0,13.09,32.7,3.0
51,Marne,LR,15170.0,3.97,8.88,0.0,2022,0.0,0.0,0.0,0.0
51,Marne,NUP,31885.0,8.34,18.67,0.0,2022,24614.0,6.44,16.09,0.0
51,Marne,REC,6836.0,1.79,4.0,0.0,2022,0.0,0.0,0.0,0.0
51,Marne,RN,43435.0,11.36,25.43,0.0,2022,57020.0,14.92,37.27,1.0
52,Haute-Marne,DIV,3635.0,2.81,5.83,0.0,2022,0.0,0.0,0.0,0.0
52,Haute-Marne,DSV,802.0,0.62,1.29,0.0,2022,0.0,0.0,0.0,0.0
52,Haute-Marne,DVD,2535.0,1.96,4.07,0.0,2022,0.0,0.0,0.0,0.0
52,Haute-Marne,DVG,752.0,0.58,1.21,0.0,2022,0.0,0.0,0.0,0.0
52,Haute-Marne,DXG,679.0,0.52,1.09,0.0,2022,0.0,0.0,0.0,0.0
52,Haute-Marne,ENS,10464.0,8.08,16.79,0.0,2022,15411.0,11.91,26.37,0.0
52,Haute-Marne,LR,12346.0,9.53,19.81,0.0,2022,12963.0,10.01,22.18,0.0
52,Haute-Marne,NUP,9060.0,7.0,14.54,0.0,2022,0.0,0.0,0.0,0.0
52,Haute-Marne,REC,1627.0,1.26,2.61,0.0,2022,0.0,0.0,0.0,0.0
52,Haute-Marne,RN,20407.0,15.76,32.75,0.0,2022,30078.0,23.24,51.46,2.0
53,Mayenne,DSV,1579.0,0.7,1.49,0.0,2022,0.0,0.0,0.0,0.0
53,Mayenne,DVC,7053.0,3.13,6.64,0.0,2022,0.0,0.0,0.0,0.0
53,Mayenne,DXG,1434.0,0.64,1.35,0.0,2022,0.0,0.0,0.0,0.0
53,Mayenne,ECO,433.0,0.19,0.41,0.0,2022,0.0,0.0,0.0,0.0
53,Mayenne,ENS,37621.0,16.7,35.42,1.0,2022,31551.0,20.65,48.01,1.0
53,Mayenne,LR,5121.0,2.27,4.82,0.0,2022,0.0,0.0,0.0,0.0
53,Mayenne,NUP,33009.0,14.66,31.08,0.0,2022,34161.0,22.36,51.99,1.0
53,Mayenne,REC,3907.0,1.73,3.68,0.0,2022,0.0,0.0,0.0,0.0
53,Mayenne,RN,16045.0,7.12,15.11,0.0,2022,0.0,0.0,0.0,0.0
54,Meurthe-et-Moselle,DIV,820.0,0.17,0.37,0.0,2022,0.0,0.0,0.0,0.0
54,Meurthe-et-Moselle,DSV,2210.0,0.45,1.0,0.0,2022,0.0,0.0,0.0,0.0
54,Meurthe-et-Moselle,DVC,1736.0,0.35,0.78,0.0,2022,0.0,0.0,0.0,0.0
54,Meurthe-et-Moselle,DVD,683.0,0.14,0.31,0.0,2022,0.0,0.0,0.0,0.0
54,Meurthe-et-Moselle,DVG,19904.0,4.03,8.99,0.0,2022,21781.0,4.41,10.82,1.0
54,Meurthe-et-Moselle,DXG,3862.0,0.78,1.75,0.0,2022,0.0,0.0,0.0,0.0
54,Meurthe-et-Moselle,ECO,4765.0,0.96,2.15,0.0,2022,0.0,0.0,0.0,0.0
54,Meurthe-et-Moselle,ENS,50179.0,10.16,22.67,0.0,2022,48060.0,9.73,23.88,2.0
54,Meurthe-et-Moselle,LR,24353.0,4.93,11.0,0.0,2022,24952.0,5.05,12.4,1.0
54,Meurthe-et-Moselle,NUP,52043.0,10.54,23.52,0.0,2022,62559.0,12.66,31.09,2.0
54,Meurthe-et-Moselle,REC,8279.0,1.68,3.74,0.0,2022,0.0,0.0,0.0,0.0
54,Meurthe-et-Moselle,REG,20.0,0.0,0.01,0.0,2022,0.0,0.0,0.0,0.0
54,Meurthe-et-Moselle,RN,49699.0,10.06,22.46,0.0,2022,43887.0,8.88,21.81,0.0
54,Meurthe-et-Moselle,UDI,2753.0,0.56,1.24,0.0,2022,0.0,0.0,0.0,0.0
55,Meuse,DSV,792.0,0.59,1.27,0.0,2022,0.0,0.0,0.0,0.0
55,Meuse,DVC,659.0,0.49,1.05,0.0,2022,0.0,0.0,0.0,0.0
55,Meuse,DVD,10826.0,8.01,17.33,0.0,2022,19027.0,14.08,32.17,1.0
55,Meuse,DVG,1822.0,1.35,2.92,0.0,2022,0.0,0.0,0.0,0.0
55,Meuse,DXG,701.0,0.52,1.12,0.0,2022,0.0,0.0,0.0,0.0
55,Meuse,ECO,1772.0,1.31,2.84,0.0,2022,0.0,0.0,0.0,0.0
55,Meuse,ENS,9898.0,7.32,15.84,0.0,2022,11534.0,8.53,19.5,0.0
55,Meuse,LR,3588.0,2.65,5.74,0.0,2022,0.0,0.0,0.0,0.0
55,Meuse,NUP,10590.0,7.84,16.95,0.0,2022,0.0,0.0,0.0,0.0
55,Meuse,REC,1953.0,1.44,3.13,0.0,2022,0.0,0.0,0.0,0.0
55,Meuse,REG,259.0,0.19,0.41,0.0,2022,0.0,0.0,0.0,0.0
55,Meuse,RN,19609.0,14.51,31.39,0.0,2022,28586.0,21.15,48.33,1.0
56,Morbihan,DIV,437.0,0.07,0.14,0.0,2022,0.0,0.0,0.0,0.0
56,Morbihan,DSV,3961.0,0.65,1.26,0.0,2022,0.0,0.0,0.0,0.0
56,Morbihan,DVC,2772.0,0.45,0.88,0.0,2022,0.0,0.0,0.0,0.0
56,Morbihan,DVD,16635.0,2.72,5.28,0.0,2022,0.0,0.0,0.0,0.0
56,Morbihan,DVG,2389.0,0.39,0.76,0.0,2022,0.0,0.0,0.0,0.0
56,Morbihan,DXG,3375.0,0.55,1.07,0.0,2022,0.0,0.0,0.0,0.0
56,Morbihan,ECO,5465.0,0.89,1.74,0.0,2022,0.0,0.0,0.0,0.0
56,Morbihan,ENS,90831.0,14.86,28.84,0.0,2022,147913.0,24.2,51.21,5.0
56,Morbihan,LR,17855.0,2.92,5.67,0.0,2022,0.0,0.0,0.0,0.0
56,Morbihan,NUP,76683.0,12.55,24.35,0.0,2022,103225.0,16.89,35.74,0.0
56,Morbihan,REC,11667.0,1.91,3.71,0.0,2022,0.0,0.0,0.0,0.0
56,Morbihan,REG,30738.0,5.03,9.76,0.0,2022,37678.0,6.16,13.05,1.0
56,Morbihan,RN,50034.0,8.19,15.89,0.0,2022,0.0,0.0,0.0,0.0
56,Morbihan,UDI,2052.0,0.34,0.65,0.0,2022,0.0,0.0,0.0,0.0
57,Moselle,DIV,1585.0,0.21,0.53,0.0,2022,0.0,0.0,0.0,0.0
57,Moselle,DSV,5894.0,0.79,1.95,0.0,2022,0.0,0.0,0.0,0.0
57,Moselle,DVC,7132.0,0.95,2.36,0.0,2022,0.0,0.0,0.0,0.0
57,Moselle,DVD,5128.0,0.69,1.7,0.0,2022,0.0,0.0,0.0,0.0
57,Moselle,DVG,9240.0,1.24,3.06,0.0,2022,0.0,0.0,0.0,0.0
57,Moselle,DXG,4026.0,0.54,1.33,0.0,2022,0.0,0.0,0.0,0.0
57,Moselle,ECO,3565.0,0.48,1.18,0.0,2022,0.0,0.0,0.0,0.0
57,Moselle,ENS,67650.0,9.05,22.42,0.0,2022,78520.0,10.5,29.03,3.0
57,Moselle,LR,44848.0,6.0,14.86,0.0,2022,39068.0,5.22,14.44,2.0
57,Moselle,NUP,62106.0,8.31,20.58,0.0,2022,57120.0,7.64,21.12,1.0
57,Moselle,RDG,1435.0,0.19,0.48,0.0,2022,0.0,0.0,0.0,0.0
57,Moselle,REC,12215.0,1.63,4.05,0.0,2022,0.0,0.0,0.0,0.0
57,Moselle,RN,76979.0,10.29,25.51,0.0,2022,95753.0,12.8,35.4,3.0
58,Nièvre,DIV,172.0,0.11,0.23,0.0,2022,0.0,0.0,0.0,0.0
58,Nièvre,DSV,1685.0,1.09,2.23,0.0,2022,0.0,0.0,0.0,0.0
58,Nièvre,DVG,601.0,0.39,0.8,0.0,2022,0.0,0.0,0.0,0.0
58,Nièvre,DXG,1703.0,1.1,2.25,0.0,2022,0.0,0.0,0.0,0.0
58,Nièvre,ECO,625.0,0.4,0.83,0.0,2022,0.0,0.0,0.0,0.0
58,Nièvre,ENS,22297.0,14.44,29.52,0.0,2022,32131.0,20.81,44.02,2.0
58,Nièvre,LR,6220.0,4.03,8.23,0.0,2022,0.0,0.0,0.0,0.0
58,Nièvre,NUP,18867.0,12.22,24.98,0.0,2022,11527.0,7.46,15.79,0.0
58,Nièvre,REC,2730.0,1.77,3.61,0.0,2022,0.0,0.0,0.0,0.0
58,Nièvre,RN,20643.0,13.37,27.33,0.0,2022,29330.0,18.99,40.18,0.0
59,Nord,DIV,5333.0,0.29,0.67,0.0,2022,0.0,0.0,0.0,0.0
59,Nord,DSV,6356.0,0.35,0.8,0.0,2022,0.0,0.0,0.0,0.0
59,Nord,DVC,4862.0,0.27,0.61,0.0,2022,0.0,0.0,0.0,0.0
59,Nord,DVD,33078.0,1.82,4.17,0.0,2022,17199.0,0.94,2.35,1.0
59,Nord,DVG,10091.0,0.55,1.27,0.0,2022,18448.0,1.01,2.52,1.0
59,Nord,DXG,11668.0,0.64,1.47,0.0,2022,0.0,0.0,0.0,0.0
59,Nord,ECO,22533.0,1.24,2.84,0.0,2022,0.0,0.0,0.0,0.0
59,Nord,ENS,189373.0,10.4,23.86,0.0,2022,231295.0,12.7,31.65,7.0
59,Nord,LR,57038.0,3.13,7.19,0.0,2022,0.0,0.0,0.0,0.0
59,Nord,NUP,209937.0,11.53,26.45,0.0,2022,235259.0,12.92,32.19,5.0
59,Nord,RDG,3279.0,0.18,0.41,0.0,2022,0.0,0.0,0.0,0.0
59,Nord,REC,26008.0,1.43,3.28,0.0,2022,0.0,0.0,0.0,0.0
59,Nord,RN,194864.0,10.71,24.55,0.0,2022,209444.0,11.5,28.66,6.0
59,Nord,UDI,19371.0,1.06,2.44,0.0,2022,19211.0,1.06,2.63,1.0
60,Oise,DSV,3466.0,0.61,1.33,0.0,2022,0.0,0.0,0.0,0.0
60,Oise,DVC,3303.0,0.58,1.27,0.0,2022,0.0,0.0,0.0,0.0
60,Oise,DVD,4838.0,0.86,1.86,0.0,2022,0.0,0.0,0.0,0.0
60,Oise,DVG,1196.0,0.21,0.46,0.0,2022,0.0,0.0,0.0,0.0
60,Oise,DXD,208.0,0.04,0.08,0.0,2022,0.0,0.0,0.0,0.0
60,Oise,DXG,3314.0,0.59,1.27,0.0,2022,0.0,0.0,0.0,0.0
60,Oise,ECO,7905.0,1.4,3.04,0.0,2022,0.0,0.0,0.0,0.0
60,Oise,ENS,51958.0,9.19,19.97,0.0,2022,53633.0,9.48,22.79,1.0
60,Oise,LR,44085.0,7.79,16.94,0.0,2022,57352.0,10.14,24.37,3.0
60,Oise,NUP,52633.0,9.31,20.23,0.0,2022,26827.0,4.74,11.4,0.0
60,Oise,RDG,755.0,0.13,0.29,0.0,2022,0.0,0.0,0.0,0.0
60,Oise,REC,10550.0,1.87,4.05,0.0,2022,0.0,0.0,0.0,0.0
60,Oise,RN,72452.0,12.81,27.84,0.0,2022,97484.0,17.23,41.43,3.0
60,Oise,UDI,3545.0,0.63,1.36,0.0,2022,0.0,0.0,0.0,0.0
61,Orne,DIV,1993.0,0.97,1.98,0.0,2022,0.0,0.0,0.0,0.0
61,Orne,DSV,1546.0,0.75,1.54,0.0,2022,0.0,0.0,0.0,0.0
61,Orne,DVC,2535.0,1.23,2.52,0.0,2022,0.0,0.0,0.0,0.0
61,Orne,DVG,719.0,0.35,0.72,0.0,2022,0.0,0.0,0.0,0.0
61,Orne,DXG,1476.0,0.72,1.47,0.0,2022,0.0,0.0,0.0,0.0
61,Orne,ECO,1044.0,0.51,1.04,0.0,2022,0.0,0.0,0.0,0.0
61,Orne,ENS,16921.0,8.22,16.84,0.0,2022,14661.0,7.13,16.25,0.0
61,Orne,LR,30040.0,14.6,29.9,0.0,2022,39721.0,19.31,44.01,2.0
61,Orne,NUP,19856.0,9.65,19.76,0.0,2022,14776.0,7.18,16.37,1.0
61,Orne,REC,3422.0,1.66,3.41,0.0,2022,0.0,0.0,0.0,0.0
61,Orne,RN,20925.0,10.17,20.83,0.0,2022,21090.0,10.25,23.37,0.0
62,Pas-de-Calais,DIV,1814.0,0.17,0.37,0.0,2022,0.0,0.0,0.0,0.0
62,Pas-de-Calais,DSV,4193.0,0.38,0.85,0.0,2022,0.0,0.0,0.0,0.0
62,Pas-de-Calais,DVD,4882.0,0.45,0.99,0.0,2022,0.0,0.0,0.0,0.0
62,Pas-de-Calais,DVG,24385.0,2.22,4.92,0.0,2022,22801.0,2.08,4.95,1.0
62,Pas-de-Calais,DXD,858.0,0.08,0.17,0.0,2022,0.0,0.0,0.0,0.0
62,Pas-de-Calais,DXG,7798.0,0.71,1.57,0.0,2022,0.0,0.0,0.0,0.0
62,Pas-de-Calais,ECO,12046.0,1.1,2.43,0.0,2022,0.0,0.0,0.0,0.0
62,Pas-de-Calais,ENS,108614.0,9.91,21.91,0.0,2022,134199.0,12.24,29.14,3.0
62,Pas-de-Calais,LR,36539.0,3.33,7.37,0.0,2022,20132.0,1.84,4.37,1.0
62,Pas-de-Calais,NUP,99458.0,9.07,20.07,0.0,2022,46723.0,4.26,10.15,1.0
62,Pas-de-Calais,RDG,5789.0,0.53,1.17,0.0,2022,0.0,0.0,0.0,0.0
62,Pas-de-Calais,REC,13140.0,1.2,2.65,0.0,2022,0.0,0.0,0.0,0.0
62,Pas-de-Calais,REG,1034.0,0.09,0.21,0.0,2022,0.0,0.0,0.0,0.0
62,Pas-de-Calais,RN,167840.0,15.31,33.86,0.0,2022,236649.0,21.59,51.39,6.0
62,Pas-de-Calais,UDI,7239.0,0.66,1.46,0.0,2022,0.0,0.0,0.0,0.0
63,Puy-de-Dôme,DSV,1567.0,0.33,0.66,0.0,2022,0.0,0.0,0.0,0.0
63,Puy-de-Dôme,DVC,2217.0,0.47,0.94,0.0,2022,0.0,0.0,0.0,0.0
63,Puy-de-Dôme,DVD,1971.0,0.42,0.83,0.0,2022,0.0,0.0,0.0,0.0
63,Puy-de-Dôme,DVG,3340.0,0.71,1.41,0.0,2022,0.0,0.0,0.0,0.0
63,Puy-de-Dôme,DXG,2931.0,0.62,1.24,0.0,2022,0.0,0.0,0.0,0.0
63,Puy-de-Dôme,ECO,3563.0,0.76,1.5,0.0,2022,0.0,0.0,0.0,0.0
63,Puy-de-Dôme,ENS,55035.0,11.71,23.25,0.0,2022,77436.0,16.48,36.92,2.0
63,Puy-de-Dôme,LR,30822.0,6.56,13.02,0.0,2022,0.0,0.0,0.0,0.0
63,Puy-de-Dôme,NUP,88834.0,18.9,37.52,0.0,2022,118690.0,25.25,56.58,3.0
63,Puy-de-Dôme,RDG,2045.0,0.44,0.86,0.0,2022,0.0,0.0,0.0,0.0
63,Puy-de-Dôme,REC,6611.0,1.41,2.79,0.0,2022,0.0,0.0,0.0,0.0
63,Puy-de-Dôme,REG,238.0,0.05,0.1,0.0,2022,0.0,0.0,0.0,0.0
63,Puy-de-Dôme,RN,37581.0,8.0,15.87,0.0,2022,13633.0,2.9,6.5,0.0
64,Pyrénées-Atlantiques,DIV,18550.0,3.55,6.91,0.0,2022,0.0,0.0,0.0,0.0
64,Pyrénées-Atlantiques,DSV,1639.0,0.31,0.61,0.0,2022,0.0,0.0,0.0,0.0
64,Pyrénées-Atlantiques,DVC,3087.0,0.59,1.15,0.0,2022,0.0,0.0,0.0,0.0
64,Pyrénées-Atlantiques,DVD,3088.0,0.59,1.15,0.0,2022,0.0,0.0,0.0,0.0
64,Pyrénées-Atlantiques,DVG,17939.0,3.44,6.68,0.0,2022,26414.0,5.06,10.85,1.0
64,Pyrénées-Atlantiques,DXG,2851.0,0.55,1.06,0.0,2022,0.0,0.0,0.0,0.0
64,Pyrénées-Atlantiques,ECO,9016.0,1.73,3.36,0.0,2022,0.0,0.0,0.0,0.0
64,Pyrénées-Atlantiques,ENS,69258.0,13.27,25.79,0.0,2022,110673.0,21.2,45.46,4.0
64,Pyrénées-Atlantiques,LR,12669.0,2.43,4.72,0.0,2022,0.0,0.0,0.0,0.0
64,Pyrénées-Atlantiques,NUP,64589.0,12.37,24.06,0.0,2022,106370.0,20.38,43.69,1.0
64,Pyrénées-Atlantiques,REC,12259.0,2.35,4.57,0.0,2022,0.0,0.0,0.0,0.0
64,Pyrénées-Atlantiques,REG,17570.0,3.37,6.54,0.0,2022,0.0,0.0,0.0,0.0
64,Pyrénées-Atlantiques,RN,35986.0,6.89,13.4,0.0,2022,0.0,0.0,0.0,0.0
65,Hautes-Pyrénées,DIV,3742.0,2.1,4.04,0.0,2022,0.0,0.0,0.0,0.0
65,Hautes-Pyrénées,DSV,547.0,0.31,0.59,0.0,2022,0.0,0.0,0.0,0.0
65,Hautes-Pyrénées,DVG,10213.0,5.74,11.04,0.0,2022,0.0,0.0,0.0,0.0
65,Hautes-Pyrénées,DXG,777.0,0.44,0.84,0.0,2022,0.0,0.0,0.0,0.0
65,Hautes-Pyrénées,ECO,1941.0,1.09,2.1,0.0,2022,0.0,0.0,0.0,0.0
65,Hautes-Pyrénées,ENS,21899.0,12.32,23.67,0.0,2022,41625.0,23.41,51.06,1.0
65,Hautes-Pyrénées,LR,5098.0,2.87,5.51,0.0,2022,0.0,0.0,0.0,0.0
65,Hautes-Pyrénées,NUP,22044.0,12.4,23.83,0.0,2022,39894.0,22.44,48.94,1.0
65,Hautes-Pyrénées,RDG,6555.0,3.69,7.09,0.0,2022,0.0,0.0,0.0,0.0
65,Hautes-Pyrénées,REC,3351.0,1.88,3.62,0.0,2022,0.0,0.0,0.0,0.0
65,Hautes-Pyrénées,REG,465.0,0.26,0.5,0.0,2022,0.0,0.0,0.0,0.0
65,Hautes-Pyrénées,RN,15879.0,8.93,17.16,0.0,2022,0.0,0.0,0.0,0.0
66,Pyrénées-Orientales,DIV,2435.0,0.67,1.43,0.0,2022,0.0,0.0,0.0,0.0
66,Pyrénées-Orientales,DSV,2438.0,0.67,1.43,0.0,2022,0.0,0.0,0.0,0.0
66,Pyrénées-Orientales,DVD,616.0,0.17,0.36,0.0,2022,0.0,0.0,0.0,0.0
66,Pyrénées-Orientales,DVG,4727.0,1.3,2.78,0.0,2022,0.0,0.0,0.0,0.0
66,Pyrénées-Orientales,DXG,2086.0,0.57,1.23,0.0,2022,0.0,0.0,0.0,0.0
66,Pyrénées-Orientales,ECO,1830.0,0.5,1.08,0.0,2022,0.0,0.0,0.0,0.0
66,Pyrénées-Orientales,ENS,38352.0,10.56,22.57,0.0,2022,49385.0,13.59,32.51,0.0
66,Pyrénées-Orientales,LR,10736.0,2.95,6.32,0.0,2022,0.0,0.0,0.0,0.0
66,Pyrénées-Orientales,NUP,38645.0,10.64,22.74,0.0,2022,16368.0,4.5,10.77,0.0
66,Pyrénées-Orientales,REC,9221.0,2.54,5.43,0.0,2022,0.0,0.0,0.0,0.0
66,Pyrénées-Orientales,REG,4554.0,1.25,2.68,0.0,2022,0.0,0.0,0.0,0.0
66,Pyrénées-Orientales,RN,54276.0,14.94,31.94,0.0,2022,86172.0,23.72,56.72,4.0
67,Bas-Rhin,DIV,8484.0,1.08,2.38,0.0,2022,0.0,0.0,0.0,0.0
67,Bas-Rhin,DSV,3415.0,0.44,0.96,0.0,2022,0.0,0.0,0.0,0.0
67,Bas-Rhin,DVD,9836.0,1.25,2.76,0.0,2022,0.0,0.0,0.0,0.0
67,Bas-Rhin,DVG,3649.0,0.47,1.02,0.0,2022,0.0,0.0,0.0,0.0
67,Bas-Rhin,DXG,2392.0,0.3,0.67,0.0,2022,0.0,0.0,0.0,0.0
67,Bas-Rhin,ECO,12602.0,1.61,3.54,0.0,2022,0.0,0.0,0.0,0.0
67,Bas-Rhin,ENS,98888.0,12.61,27.76,0.0,2022,166074.0,21.17,51.19,6.0
67,Bas-Rhin,LR,34800.0,4.44,9.77,0.0,2022,21676.0,2.76,6.68,1.0
67,Bas-Rhin,NUP,72443.0,9.24,20.33,0.0,2022,59983.0,7.65,18.49,2.0
67,Bas-Rhin,RDG,857.0,0.11,0.24,0.0,2022,0.0,0.0,0.0,0.0
67,Bas-Rhin,REC,10606.0,1.35,2.98,0.0,2022,0.0,0.0,0.0,0.0
67,Bas-Rhin,REG,18885.0,2.41,5.3,0.0,2022,0.0,0.0,0.0,0.0
67,Bas-Rhin,RN,66148.0,8.43,18.57,0.0,2022,76679.0,9.77,23.64,0.0
67,Bas-Rhin,UDI,13248.0,1.69,3.72,0.0,2022,0.0,0.0,0.0,0.0
68,Haut-Rhin,DIV,4314.0,0.81,1.88,0.0,2022,0.0,0.0,0.0,0.0
68,Haut-Rhin,DSV,4291.0,0.8,1.87,0.0,2022,0.0,0.0,0.0,0.0
68,Haut-Rhin,DVC,3811.0,0.71,1.66,0.0,2022,0.0,0.0,0.0,0.0
68,Haut-Rhin,DVD,198.0,0.04,0.09,0.0,2022,0.0,0.0,0.0,0.0
68,Haut-Rhin,DVG,320.0,0.06,0.14,0.0,2022,0.0,0.0,0.0,0.0
68,Haut-Rhin,DXG,1527.0,0.29,0.67,0.0,2022,0.0,0.0,0.0,0.0
68,Haut-Rhin,ECO,12142.0,2.28,5.3,0.0,2022,0.0,0.0,0.0,0.0
68,Haut-Rhin,ENS,64892.0,12.16,28.33,0.0,2022,87892.0,16.47,44.06,5.0
68,Haut-Rhin,LR,34406.0,6.45,15.02,0.0,2022,52205.0,9.78,26.17,1.0
68,Haut-Rhin,NUP,37028.0,6.94,16.17,0.0,2022,10094.0,1.89,5.06,0.0
68,Haut-Rhin,RDG,831.0,0.16,0.36,0.0,2022,0.0,0.0,0.0,0.0
68,Haut-Rhin,REC,8227.0,1.54,3.59,0.0,2022,0.0,0.0,0.0,0.0
68,Haut-Rhin,REG,9288.0,1.74,4.06,0.0,2022,0.0,0.0,0.0,0.0
68,Haut-Rhin,RN,47756.0,8.95,20.85,0.0,2022,49288.0,9.24,24.71,0.0
69,Rhône,DIV,5994.0,0.5,1.01,0.0,2022,0.0,0.0,0.0,0.0
69,Rhône,DSV,6868.0,0.58,1.15,0.0,2022,0.0,0.0,0.0,0.0
69,Rhône,DVC,1168.0,0.1,0.2,0.0,2022,0.0,0.0,0.0,0.0
69,Rhône,DVD,1190.0,0.1,0.2,0.0,2022,0.0,0.0,0.0,0.0
69,Rhône,DVG,5216.0,0.44,0.88,0.0,2022,0.0,0.0,0.0,0.0
69,Rhône,DXG,5124.0,0.43,0.86,0.0,2022,0.0,0.0,0.0,0.0
69,Rhône,ECO,18870.0,1.58,3.17,0.0,2022,0.0,0.0,0.0,0.0
69,Rhône,ENS,176135.0,14.77,29.6,0.0,2022,274177.0,22.99,51.84,7.0
69,Rhône,LR,89420.0,7.5,15.03,0.0,2022,59041.0,4.95,11.16,3.0
69,Rhône,NUP,168215.0,14.11,28.27,0.0,2022,195656.0,16.4,36.99,4.0
69,Rhône,RDG,6402.0,0.54,1.08,0.0,2022,0.0,0.0,0.0,0.0
69,Rhône,REC,34541.0,2.9,5.8,0.0,2022,0.0,0.0,0.0,0.0
69,Rhône,REG,3892.0,0.33,0.65,0.0,2022,0.0,0.0,0.0,0.0
69,Rhône,RN,71300.0,5.98,11.98,0.0,2022,0.0,0.0,0.0,0.0
69,Rhône,UDI,700.0,0.06,0.12,0.0,2022,0.0,0.0,0.0,0.0
70,Haute-Saône,DSV,897.0,0.5,1.0,0.0,2022,0.0,0.0,0.0,0.0
70,Haute-Saône,DVD,1110.0,0.62,1.24,0.0,2022,0.0,0.0,0.0,0.0
70,Haute-Saône,DXG,1752.0,0.98,1.96,0.0,2022,0.0,0.0,0.0,0.0
70,Haute-Saône,ECO,1325.0,0.74,1.48,0.0,2022,0.0,0.0,0.0,0.0
70,Haute-Saône,ENS,21508.0,12.07,24.04,0.0,2022,37443.0,21.02,45.56,0.0
70,Haute-Saône,LR,8946.0,5.02,10.0,0.0,2022,0.0,0.0,0.0,0.0
70,Haute-Saône,NUP,17719.0,9.95,19.81,0.0,2022,0.0,0.0,0.0,0.0
70,Haute-Saône,REC,3851.0,2.16,4.3,0.0,2022,0.0,0.0,0.0,0.0
70,Haute-Saône,RN,28015.0,15.73,31.32,0.0,2022,44742.0,25.12,54.44,2.0
70,Haute-Saône,UDI,4338.0,2.44,4.85,0.0,2022,0.0,0.0,0.0,0.0
71,Saône-et-Loire,DIV,493.0,0.12,0.26,0.0,2022,0.0,0.0,0.0,0.0
71,Saône-et-Loire,DSV,3077.0,0.76,1.6,0.0,2022,0.0,0.0,0.0,0.0
71,Saône-et-Loire,DVD,5575.0,1.38,2.89,0.0,2022,0.0,0.0,0.0,0.0
71,Saône-et-Loire,DVG,99.0,0.02,0.05,0.0,2022,0.0,0.0,0.0,0.0
71,Saône-et-Loire,DXG,3326.0,0.82,1.73,0.0,2022,0.0,0.0,0.0,0.0
71,Saône-et-Loire,ECO,2110.0,0.52,1.09,0.0,2022,0.0,0.0,0.0,0.0
71,Saône-et-Loire,ENS,49200.0,12.18,25.53,0.0,2022,54724.0,13.54,32.35,3.0
71,Saône-et-Loire,LR,29281.0,7.25,15.19,0.0,2022,22823.0,5.65,13.49,1.0
71,Saône-et-Loire,NUP,48616.0,12.03,25.22,0.0,2022,60627.0,15.0,35.84,1.0
71,Saône-et-Loire,RDG,2061.0,0.51,1.07,0.0,2022,0.0,0.0,0.0,0.0
71,Saône-et-Loire,REC,7320.0,1.81,3.8,0.0,2022,0.0,0.0,0.0,0.0
71,Saône-et-Loire,RN,41580.0,10.29,21.57,0.0,2022,30997.0,7.67,18.32,0.0
72,Sarthe,DIV,1676.0,0.41,0.92,0.0,2022,0.0,0.0,0.0,0.0
72,Sarthe,DSV,3267.0,0.79,1.78,0.0,2022,0.0,0.0,0.0,0.0
72,Sarthe,DVG,17640.0,4.28,9.63,0.0,2022,0.0,0.0,0.0,0.0
72,Sarthe,DXG,2505.0,0.61,1.37,0.0,2022,0.0,0.0,0.0,0.0
72,Sarthe,ECO,1792.0,0.43,0.98,0.0,2022,0.0,0.0,0.0,0.0
72,Sarthe,ENS,45248.0,10.98,24.71,0.0,2022,56868.0,13.8,34.42,3.0
72,Sarthe,LR,19304.0,4.68,10.54,0.0,2022,0.0,0.0,0.0,0.0
72,Sarthe,NUP,44410.0,10.78,24.26,0.0,2022,49503.0,12.01,29.96,2.0
72,Sarthe,REC,6232.0,1.51,3.4,0.0,2022,0.0,0.0,0.0,0.0
72,Sarthe,RN,40598.0,9.85,22.17,0.0,2022,58849.0,14.28,35.62,0.0
72,Sarthe,UDI,424.0,0.1,0.23,0.0,2022,0.0,0.0,0.0,0.0
73,Savoie,DIV,4146.0,1.29,2.61,0.0,2022,0.0,0.0,0.0,0.0
73,Savoie,DSV,3421.0,1.06,2.15,0.0,2022,0.0,0.0,0.0,0.0
73,Savoie,DVD,2646.0,0.82,1.66,0.0,2022,0.0,0.0,0.0,0.0
73,Savoie,DXG,1262.0,0.39,0.79,0.0,2022,0.0,0.0,0.0,0.0
73,Savoie,ECO,4657.0,1.45,2.93,0.0,2022,0.0,0.0,0.0,0.0
73,Savoie,ENS,34571.0,10.73,21.73,0.0,2022,41530.0,12.89,28.97,1.0
73,Savoie,LR,33180.0,10.3,20.85,0.0,2022,43623.0,13.54,30.43,2.0
73,Savoie,NUP,39909.0,12.39,25.08,0.0,2022,58222.0,18.07,40.61,1.0
73,Savoie,REC,4684.0,1.45,2.94,0.0,2022,0.0,0.0,0.0,0.0
73,Savoie,REG,595.0,0.18,0.37,0.0,2022,0.0,0.0,0.0,0.0
73,Savoie,RN,30032.0,9.32,18.88,0.0,2022,0.0,0.0,0.0,0.0
74,Haute-Savoie,DIV,1687.0,0.3,0.66,0.0,2022,0.0,0.0,0.0,0.0
74,Haute-Savoie,DSV,3298.0,0.58,1.29,0.0,2022,0.0,0.0,0.0,0.0
74,Haute-Savoie,DVD,11969.0,2.1,4.68,0.0,2022,0.0,0.0,0.0,0.0
74,Haute-Savoie,DXG,1656.0,0.29,0.65,0.0,2022,0.0,0.0,0.0,0.0
74,Haute-Savoie,ECO,12382.0,2.17,4.84,0.0,2022,0.0,0.0,0.0,0.0
74,Haute-Savoie,ENS,71087.0,12.48,27.78,0.0,2022,98392.0,17.27,42.29,4.0
74,Haute-Savoie,LR,34931.0,6.13,13.65,0.0,2022,47053.0,8.26,20.22,2.0
74,Haute-Savoie,NUP,57388.0,10.08,22.42,0.0,2022,75890.0,13.32,32.62,0.0
74,Haute-Savoie,REC,10939.0,1.92,4.27,0.0,2022,0.0,0.0,0.0,0.0
74,Haute-Savoie,REG,6263.0,1.1,2.45,0.0,2022,0.0,0.0,0.0,0.0
74,Haute-Savoie,RN,40491.0,7.11,15.82,0.0,2022,11338.0,1.99,4.87,0.0
74,Haute-Savoie,UDI,3838.0,0.67,1.5,0.0,2022,0.0,0.0,0.0,0.0
75,Paris,DIV,8774.0,0.64,1.18,0.0,2022,0.0,0.0,0.0,0.0
75,Paris,DSV,1720.0,0.13,0.23,0.0,2022,0.0,0.0,0.0,0.0
75,Paris,DVC,3924.0,0.29,0.53,0.0,2022,0.0,0.0,0.0,0.0
75,Paris,DVD,12260.0,0.9,1.65,0.0,2022,0.0,0.0,0.0,0.0
75,Paris,DVG,19281.0,1.42,2.59,0.0,2022,14857.0,1.3,2.5,0.0
75,Paris,DXG,5714.0,0.42,0.77,0.0,2022,0.0,0.0,0.0,0.0
75,Paris,ECO,18366.0,1.35,2.47,0.0,2022,0.0,0.0,0.0,0.0
75,Paris,ENS,239231.0,17.56,32.14,0.0,2022,298188.0,26.06,50.21,9.0
75,Paris,LR,76520.0,5.62,10.28,0.0,2022,32736.0,2.86,5.51,0.0
75,Paris,NUP,280578.0,20.59,37.69,3.0,2022,248048.0,21.68,41.77,6.0
75,Paris,RDG,3328.0,0.24,0.45,0.0,2022,0.0,0.0,0.0,0.0
75,Paris,REC,38176.0,2.8,5.13,0.0,2022,0.0,0.0,0.0,0.0
75,Paris,REG,675.0,0.05,0.09,0.0,2022,0.0,0.0,0.0,0.0
75,Paris,RN,28634.0,2.1,3.85,0.0,2022,0.0,0.0,0.0,0.0
75,Paris,UDI,7181.0,0.53,0.96,0.0,2022,0.0,0.0,0.0,0.0
76,Seine-Maritime,DIV,4488.0,0.51,1.07,0.0,2022,0.0,0.0,0.0,0.0
76,Seine-Maritime,DSV,4222.0,0.48,1.0,0.0,2022,0.0,0.0,0.0,0.0
76,Seine-Maritime,DVC,3173.0,0.36,0.75,0.0,2022,0.0,0.0,0.0,0.0
76,Seine-Maritime,DVD,8689.0,0.98,2.06,0.0,2022,0.0,0.0,0.0,0.0
76,Seine-Maritime,DVG,20784.0,2.35,4.93,0.0,2022,0.0,0.0,0.0,0.0
76,Seine-Maritime,DXG,5721.0,0.65,1.36,0.0,2022,0.0,0.0,0.0,0.0
76,Seine-Maritime,ECO,9500.0,1.08,2.26,0.0,2022,0.0,0.0,0.0,0.0
76,Seine-Maritime,ENS,112486.0,12.74,26.71,0.0,2022,119379.0,13.52,31.54,5.0
76,Seine-Maritime,LR,15567.0,1.76,3.7,0.0,2022,0.0,0.0,0.0,0.0
76,Seine-Maritime,NUP,124935.0,14.15,29.66,0.0,2022,152047.0,17.22,40.17,5.0
76,Seine-Maritime,REC,14274.0,1.62,3.39,0.0,2022,0.0,0.0,0.0,0.0
76,Seine-Maritime,RN,97065.0,11.0,23.05,0.0,2022,107129.0,12.13,28.3,0.0
76,Seine-Maritime,UDI,277.0,0.03,0.07,0.0,2022,0.0,0.0,0.0,0.0
77,Seine-et-Marne,DIV,1680.0,0.19,0.43,0.0,2022,0.0,0.0,0.0,0.0
77,Seine-et-Marne,DSV,6680.0,0.74,1.7,0.0,2022,0.0,0.0,0.0,0.0
77,Seine-et-Marne,DVC,5290.0,0.58,1.35,0.0,2022,0.0,0.0,0.0,0.0
77,Seine-et-Marne,DVD,538.0,0.06,0.14,0.0,2022,0.0,0.0,0.0,0.0
77,Seine-et-Marne,DVG,3976.0,0.44,1.01,0.0,2022,0.0,0.0,0.0,0.0
77,Seine-et-Marne,DXG,5295.0,0.59,1.35,0.0,2022,0.0,0.0,0.0,0.0
77,Seine-et-Marne,ECO,14364.0,1.59,3.66,0.0,2022,0.0,0.0,0.0,0.0
77,Seine-et-Marne,ENS,88043.0,9.73,22.46,0.0,2022,113159.0,12.5,31.72,5.0
77,Seine-et-Marne,LR,49304.0,5.45,12.58,0.0,2022,37288.0,4.12,10.45,2.0
77,Seine-et-Marne,NUP,111828.0,12.36,28.53,0.0,2022,141275.0,15.61,39.6,3.0
77,Seine-et-Marne,RDG,0.0,0.0,0.0,0.0,2022,0.0,0.0,0.0,0.0
77,Seine-et-Marne,REC,17979.0,1.99,4.59,0.0,2022,0.0,0.0,0.0,0.0
77,Seine-et-Marne,REG,524.0,0.06,0.13,0.0,2022,0.0,0.0,0.0,0.0
77,Seine-et-Marne,RN,85194.0,9.42,21.74,0.0,2022,65068.0,7.19,18.24,1.0
77,Seine-et-Marne,UDI,1256.0,0.14,0.32,0.0,2022,0.0,0.0,0.0,0.0
78,Yvelines,DIV,5425.0,0.56,1.1,0.0,2022,0.0,0.0,0.0,0.0
78,Yvelines,DSV,4896.0,0.51,0.99,0.0,2022,0.0,0.0,0.0,0.0
78,Yvelines,DVC,1268.0,0.13,0.26,0.0,2022,0.0,0.0,0.0,0.0
78,Yvelines,DVD,12929.0,1.34,2.62,0.0,2022,0.0,0.0,0.0,0.0
78,Yvelines,DVG,328.0,0.03,0.07,0.0,2022,0.0,0.0,0.0,0.0
78,Yvelines,DXG,4647.0,0.48,0.94,0.0,2022,0.0,0.0,0.0,0.0
78,Yvelines,ECO,22547.0,2.34,4.58,0.0,2022,0.0,0.0,0.0,0.0
78,Yvelines,ENS,166826.0,17.28,33.86,0.0,2022,271475.0,28.13,61.01,10.0
78,Yvelines,LR,55135.0,5.71,11.19,0.0,2022,0.0,0.0,0.0,0.0
78,Yvelines,NUP,120692.0,12.5,24.49,0.0,2022,157852.0,16.35,35.48,2.0
78,Yvelines,REC,34035.0,3.53,6.91,0.0,2022,0.0,0.0,0.0,0.0
78,Yvelines,RN,57320.0,5.94,11.63,0.0,2022,15631.0,1.62,3.51,0.0
78,Yvelines,UDI,6678.0,0.69,1.36,0.0,2022,0.0,0.0,0.0,0.0
79,Deux-Sèvres,DIV,1311.0,0.48,0.99,0.0,2022,0.0,0.0,0.0,0.0
79,Deux-Sèvres,DSV,748.0,0.27,0.56,0.0,2022,0.0,0.0,0.0,0.0
79,Deux-Sèvres,DVC,7884.0,2.88,5.93,0.0,2022,0.0,0.0,0.0,0.0
79,Deux-Sèvres,DVG,3492.0,1.27,2.63,0.0,2022,0.0,0.0,0.0,0.0
79,Deux-Sèvres,DXG,1617.0,0.59,1.22,0.0,2022,0.0,0.0,0.0,0.0
79,Deux-Sèvres,ECO,1517.0,0.55,1.14,0.0,2022,0.0,0.0,0.0,0.0
79,Deux-Sèvres,ENS,39297.0,14.34,29.56,0.0,2022,61387.0,22.39,50.32,2.0
79,Deux-Sèvres,LR,9187.0,3.35,6.91,0.0,2022,0.0,0.0,0.0,0.0
79,Deux-Sèvres,NUP,39231.0,14.31,29.51,0.0,2022,60607.0,22.11,49.68,1.0
79,Deux-Sèvres,REC,4079.0,1.49,3.07,0.0,2022,0.0,0.0,0.0,0.0
79,Deux-Sèvres,RN,22886.0,8.35,17.21,0.0,2022,0.0,0.0,0.0,0.0
79,Deux-Sèvres,UDI,1704.0,0.62,1.28,0.0,2022,0.0,0.0,0.0,0.0
80,Somme,DSV,1883.0,0.46,0.95,0.0,2022,0.0,0.0,0.0,0.0
80,Somme,DVC,1522.0,0.37,0.77,0.0,2022,0.0,0.0,0.0,0.0
80,Somme,DVD,3366.0,0.82,1.71,0.0,2022,0.0,0.0,0.0,0.0
80,Somme,DVG,520.0,0.13,0.26,0.0,2022,0.0,0.0,0.0,0.0
80,Somme,DXG,3138.0,0.76,1.59,0.0,2022,0.0,0.0,0.0,0.0
80,Somme,ECO,3407.0,0.83,1.73,0.0,2022,0.0,0.0,0.0,0.0
80,Somme,ENS,44328.0,10.78,22.45,0.0,2022,35746.0,8.7,19.96,1.0
80,Somme,LR,26549.0,6.46,13.45,0.0,2022,21266.0,5.17,11.88,1.0
80,Somme,NUP,49107.0,11.95,24.88,0.0,2022,49209.0,11.97,27.48,1.0
80,Somme,REC,5933.0,1.44,3.01,0.0,2022,0.0,0.0,0.0,0.0
80,Somme,RN,54442.0,13.24,27.58,0.0,2022,72858.0,17.72,40.68,2.0
80,Somme,UDI,3217.0,0.78,1.63,0.0,2022,0.0,0.0,0.0,0.0
81,Tarn,DIV,11.0,0.0,0.01,0.0,2022,0.0,0.0,0.0,0.0
81,Tarn,DSV,1495.0,0.5,0.95,0.0,2022,0.0,0.0,0.0,0.0
81,Tarn,DVD,8391.0,2.8,5.31,0.0,2022,0.0,0.0,0.0,0.0
81,Tarn,DVG,6341.0,2.12,4.01,0.0,2022,0.0,0.0,0.0,0.0
81,Tarn,DXG,1340.0,0.45,0.85,0.0,2022,0.0,0.0,0.0,0.0
81,Tarn,ECO,3427.0,1.15,2.17,0.0,2022,0.0,0.0,0.0,0.0
81,Tarn,ENS,37368.0,12.49,23.64,0.0,2022,46647.0,15.59,32.43,1.0
81,Tarn,LR,10852.0,3.63,6.87,0.0,2022,0.0,0.0,0.0,0.0
81,Tarn,NUP,39237.0,13.12,24.83,0.0,2022,61511.0,20.56,42.76,1.0
81,Tarn,RDG,4436.0,1.48,2.81,0.0,2022,0.0,0.0,0.0,0.0
81,Tarn,REC,6083.0,2.03,3.85,0.0,2022,0.0,0.0,0.0,0.0
81,Tarn,REG,4017.0,1.34,2.54,0.0,2022,0.0,0.0,0.0,0.0
81,Tarn,RN,35041.0,11.71,22.17,0.0,2022,35689.0,11.93,24.81,1.0
82,Tarn-et-Garonne,DIV,2367.0,1.25,2.46,0.0,2022,0.0,0.0,0.0,0.0
82,Tarn-et-Garonne,DSV,564.0,0.3,0.59,0.0,2022,0.0,0.0,0.0,0.0
82,Tarn-et-Garonne,DVG,3774.0,1.99,3.92,0.0,2022,0.0,0.0,0.0,0.0
82,Tarn-et-Garonne,DXG,1284.0,0.68,1.33,0.0,2022,0.0,0.0,0.0,0.0
82,Tarn-et-Garonne,ENS,18279.0,9.65,18.99,0.0,2022,19384.0,10.24,22.41,0.0
82,Tarn-et-Garonne,LR,4378.0,2.31,4.55,0.0,2022,0.0,0.0,0.0,0.0
82,Tarn-et-Garonne,NUP,25035.0,13.22,26.0,0.0,2022,25327.0,13.38,29.28,1.0
82,Tarn-et-Garonne,RDG,9892.0,5.22,10.27,0.0,2022,0.0,0.0,0.0,0.0
82,Tarn-et-Garonne,REC,4658.0,2.46,4.84,0.0,2022,0.0,0.0,0.0,0.0
82,Tarn-et-Garonne,REG,249.0,0.13,0.26,0.0,2022,0.0,0.0,0.0,0.0
82,Tarn-et-Garonne,RN,25797.0,13.62,26.79,0.0,2022,41799.0,22.08,48.32,1.0
83,Var,DIV,2649.0,0.32,0.71,0.0,2022,0.0,0.0,0.0,0.0
83,Var,DSV,4872.0,0.59,1.3,0.0,2022,0.0,0.0,0.0,0.0
83,Var,DVC,675.0,0.08,0.18,0.0,2022,0.0,0.0,0.0,0.0
83,Var,DVD,793.0,0.1,0.21,0.0,2022,0.0,0.0,0.0,0.0
83,Var,DVG,1185.0,0.14,0.32,0.0,2022,0.0,0.0,0.0,0.0
83,Var,DXD,769.0,0.09,0.21,0.0,2022,0.0,0.0,0.0,0.0
83,Var,DXG,2351.0,0.29,0.63,0.0,2022,0.0,0.0,0.0,0.0
83,Var,ECO,17466.0,2.12,4.66,0.0,2022,0.0,0.0,0.0,0.0
83,Var,ENS,101482.0,12.3,27.07,0.0,2022,163023.0,19.76,46.88,1.0
83,Var,LR,27106.0,3.29,7.23,0.0,2022,0.0,0.0,0.0,0.0
83,Var,NUP,60644.0,7.35,16.17,0.0,2022,0.0,0.0,0.0,0.0
83,Var,REC,41041.0,4.98,10.95,0.0,2022,0.0,0.0,0.0,0.0
83,Var,REG,2077.0,0.25,0.55,0.0,2022,0.0,0.0,0.0,0.0
83,Var,RN,111820.0,13.56,29.82,0.0,2022,184720.0,22.39,53.12,7.0
84,Vaucluse,DIV,572.0,0.14,0.3,0.0,2022,0.0,0.0,0.0,0.0
84,Vaucluse,DSV,1537.0,0.37,0.81,0.0,2022,0.0,0.0,0.0,0.0
84,Vaucluse,DVC,566.0,0.14,0.3,0.0,2022,0.0,0.0,0.0,0.0
84,Vaucluse,DVD,752.0,0.18,0.4,0.0,2022,0.0,0.0,0.0,0.0
84,Vaucluse,DVG,705.0,0.17,0.37,0.0,2022,0.0,0.0,0.0,0.0
84,Vaucluse,DXG,1894.0,0.46,1.0,0.0,2022,0.0,0.0,0.0,0.0
84,Vaucluse,ECO,8204.0,1.99,4.32,0.0,2022,0.0,0.0,0.0,0.0
84,Vaucluse,ENS,45027.0,10.9,23.72,0.0,2022,66424.0,16.07,38.2,1.0
84,Vaucluse,LR,18070.0,4.37,9.52,0.0,2022,0.0,0.0,0.0,0.0
84,Vaucluse,NUP,41676.0,10.08,21.95,0.0,2022,14065.0,3.4,8.09,0.0
84,Vaucluse,REC,10032.0,2.43,5.28,0.0,2022,0.0,0.0,0.0,0.0
84,Vaucluse,REG,1062.0,0.26,0.56,0.0,2022,0.0,0.0,0.0,0.0
84,Vaucluse,RN,59737.0,14.46,31.47,0.0,2022,93388.0,22.59,53.71,4.0
85,Vendée,DIV,73.0,0.01,0.03,0.0,2022,0.0,0.0,0.0,0.0
85,Vendée,DSV,4178.0,0.76,1.58,0.0,2022,0.0,0.0,0.0,0.0
85,Vendée,DVC,2195.0,0.4,0.83,0.0,2022,0.0,0.0,0.0,0.0
85,Vendée,DVD,23553.0,4.26,8.89,0.0,2022,23336.0,4.22,10.02,1.0
85,Vendée,DVG,1219.0,0.22,0.46,0.0,2022,0.0,0.0,0.0,0.0
85,Vendée,DXG,2938.0,0.53,1.11,0.0,2022,0.0,0.0,0.0,0.0
85,Vendée,ECO,10761.0,1.95,4.06,0.0,2022,0.0,0.0,0.0,0.0
85,Vendée,ENS,80712.0,14.6,30.46,0.0,2022,130811.0,23.66,56.19,4.0
85,Vendée,LR,33623.0,6.08,12.69,0.0,2022,0.0,0.0,0.0,0.0
85,Vendée,NUP,53464.0,9.67,20.17,0.0,2022,41707.0,7.54,17.92,0.0
85,Vendée,REC,5848.0,1.06,2.21,0.0,2022,0.0,0.0,0.0,0.0
85,Vendée,RN,46446.0,8.4,17.53,0.0,2022,36935.0,6.68,15.87,0.0
86,Vienne,DIV,268.0,0.09,0.18,0.0,2022,0.0,0.0,0.0,0.0
86,Vienne,DSV,2322.0,0.76,1.52,0.0,2022,0.0,0.0,0.0,0.0
86,Vienne,DVD,3846.0,1.25,2.52,0.0,2022,0.0,0.0,0.0,0.0
86,Vienne,DVG,4410.0,1.44,2.89,0.0,2022,0.0,0.0,0.0,0.0
86,Vienne,DXD,1184.0,0.39,0.77,0.0,2022,0.0,0.0,0.0,0.0
86,Vienne,DXG,2405.0,0.78,1.57,0.0,2022,0.0,0.0,0.0,0.0
86,Vienne,ECO,3522.0,1.15,2.3,0.0,2022,0.0,0.0,0.0,0.0
86,Vienne,ENS,47198.0,15.38,30.88,0.0,2022,72618.0,23.65,51.95,3.0
86,Vienne,LR,2362.0,0.77,1.55,0.0,2022,0.0,0.0,0.0,0.0
86,Vienne,NUP,42888.0,13.97,28.06,0.0,2022,38243.0,12.46,27.36,1.0
86,Vienne,RDG,1881.0,0.61,1.23,0.0,2022,0.0,0.0,0.0,0.0
86,Vienne,REC,5891.0,1.92,3.85,0.0,2022,0.0,0.0,0.0,0.0
86,Vienne,REG,5.0,0.0,0.0,0.0,2022,0.0,0.0,0.0,0.0
86,Vienne,RN,29331.0,9.56,19.19,0.0,2022,28921.0,9.42,20.69,0.0
86,Vienne,UDI,5324.0,1.73,3.48,0.0,2022,0.0,0.0,0.0,0.0
87,Haute-Vienne,DIV,867.0,0.33,0.64,0.0,2022,0.0,0.0,0.0,0.0
87,Haute-Vienne,DVC,9934.0,3.76,7.33,0.0,2022,0.0,0.0,0.0,0.0
87,Haute-Vienne,DVD,1537.0,0.58,1.13,0.0,2022,0.0,0.0,0.0,0.0
87,Haute-Vienne,DVG,1551.0,0.59,1.15,0.0,2022,0.0,0.0,0.0,0.0
87,Haute-Vienne,DXG,2521.0,0.95,1.86,0.0,2022,0.0,0.0,0.0,0.0
87,Haute-Vienne,ENS,28248.0,10.68,20.86,0.0,2022,36041.0,13.62,30.09,0.0
87,Haute-Vienne,LR,11895.0,4.5,8.78,0.0,2022,0.0,0.0,0.0,0.0
87,Haute-Vienne,NUP,46135.0,17.44,34.06,0.0,2022,66991.0,25.32,55.92,3.0
87,Haute-Vienne,REC,5371.0,2.03,3.97,0.0,2022,0.0,0.0,0.0,0.0
87,Haute-Vienne,REG,1136.0,0.43,0.84,0.0,2022,0.0,0.0,0.0,0.0
87,Haute-Vienne,RN,26245.0,9.92,19.38,0.0,2022,16757.0,6.33,13.99,0.0
88,Vosges,DIV,181.0,0.06,0.13,0.0,2022,0.0,0.0,0.0,0.0
88,Vosges,DSV,2452.0,0.88,1.82,0.0,2022,0.0,0.0,0.0,0.0
88,Vosges,DVD,15816.0,5.68,11.77,0.0,2022,21035.0,7.55,17.35,1.0
88,Vosges,DVG,5954.0,2.14,4.43,0.0,2022,0.0,0.0,0.0,0.0
88,Vosges,DXG,1609.0,0.58,1.2,0.0,2022,0.0,0.0,0.0,0.0
88,Vosges,ECO,2194.0,0.79,1.63,0.0,2022,0.0,0.0,0.0,0.0
88,Vosges,ENS,23920.0,8.59,17.8,0.0,2022,15823.0,5.68,13.05,1.0
88,Vosges,LR,24327.0,8.73,18.1,0.0,2022,36888.0,13.24,30.42,2.0
88,Vosges,NUP,23593.0,8.47,17.55,0.0,2022,0.0,0.0,0.0,0.0
88,Vosges,REC,2695.0,0.97,2.01,0.0,2022,0.0,0.0,0.0,0.0
88,Vosges,REG,251.0,0.09,0.19,0.0,2022,0.0,0.0,0.0,0.0
88,Vosges,RN,31413.0,11.28,23.37,0.0,2022,47522.0,17.06,39.19,0.0
89,Yonne,DSV,1832.0,0.77,1.57,0.0,2022,0.0,0.0,0.0,0.0
89,Yonne,DVC,1013.0,0.42,0.87,0.0,2022,0.0,0.0,0.0,0.0
89,Yonne,DVD,2062.0,0.86,1.77,0.0,2022,0.0,0.0,0.0,0.0
89,Yonne,DVG,420.0,0.18,0.36,0.0,2022,0.0,0.0,0.0,0.0
89,Yonne,DXG,1769.0,0.74,1.52,0.0,2022,0.0,0.0,0.0,0.0
89,Yonne,ECO,3988.0,1.67,3.42,0.0,2022,0.0,0.0,0.0,0.0
89,Yonne,ENS,27025.0,11.31,23.2,0.0,2022,33699.0,14.1,32.4,1.0
89,Yonne,LR,13297.0,5.56,11.42,0.0,2022,0.0,0.0,0.0,0.0
89,Yonne,NUP,25054.0,10.49,21.51,0.0,2022,16135.0,6.75,15.51,0.0
89,Yonne,REC,4961.0,2.08,4.26,0.0,2022,0.0,0.0,0.0,0.0
89,Yonne,RN,35047.0,14.67,30.09,0.0,2022,54176.0,22.67,52.09,2.0
90,Territoire de Belfort,DSV,731.0,0.78,1.62,0.0,2022,0.0,0.0,0.0,0.0
90,Territoire de Belfort,DVD,2699.0,2.86,5.97,0.0,2022,0.0,0.0,0.0,0.0
90,Territoire de Belfort,DXD,91.0,0.1,0.2,0.0,2022,0.0,0.0,0.0,0.0
90,Territoire de Belfort,DXG,750.0,0.8,1.66,0.0,2022,0.0,0.0,0.0,0.0
90,Territoire de Belfort,ECO,398.0,0.42,0.88,0.0,2022,0.0,0.0,0.0,0.0
90,Territoire de Belfort,ENS,8805.0,9.34,19.47,0.0,2022,0.0,0.0,0.0,0.0
90,Territoire de Belfort,LR,6196.0,6.57,13.7,0.0,2022,12037.0,12.77,31.69,1.0
90,Territoire de Belfort,NUP,10771.0,11.43,23.82,0.0,2022,9476.0,10.05,24.95,1.0
90,Territoire de Belfort,REC,1940.0,2.06,4.29,0.0,2022,0.0,0.0,0.0,0.0
90,Territoire de Belfort,RN,9175.0,9.74,20.29,0.0,2022,16471.0,17.48,43.36,0.0
90,Territoire de Belfort,UDI,3669.0,3.89,8.11,0.0,2022,0.0,0.0,0.0,0.0
91,Essonne,DIV,4398.0,0.55,1.17,0.0,2022,0.0,0.0,0.0,0.0
91,Essonne,DSV,15966.0,1.98,4.24,0.0,2022,19306.0,2.4,5.49,1.0
91,Essonne,DVC,1360.0,0.17,0.36,0.0,2022,0.0,0.0,0.0,0.0
91,Essonne,DVD,4918.0,0.61,1.31,0.0,2022,0.0,0.0,0.0,0.0
91,Essonne,DVG,4768.0,0.59,1.27,0.0,2022,0.0,0.0,0.0,0.0
91,Essonne,DXG,4300.0,0.53,1.14,0.0,2022,0.0,0.0,0.0,0.0
91,Essonne,ECO,9800.0,1.22,2.6,0.0,2022,0.0,0.0,0.0,0.0
91,Essonne,ENS,103333.0,12.84,27.44,0.0,2022,139033.0,17.28,39.53,5.0
91,Essonne,LR,29184.0,3.63,7.75,0.0,2022,0.0,0.0,0.0,0.0
91,Essonne,NUP,122455.0,15.22,32.52,0.0,2022,173725.0,21.59,49.4,3.0
91,Essonne,REC,14928.0,1.86,3.96,0.0,2022,0.0,0.0,0.0,0.0
91,Essonne,REG,78.0,0.01,0.02,0.0,2022,0.0,0.0,0.0,0.0
91,Essonne,RN,51527.0,6.4,13.68,0.0,2022,19607.0,2.44,5.58,1.0
91,Essonne,UDI,9579.0,1.19,2.54,0.0,2022,0.0,0.0,0.0,0.0
92,Hauts-de-Seine,DIV,5224.0,0.52,1.0,0.0,2022,0.0,0.0,0.0,0.0
92,Hauts-de-Seine,DSV,2004.0,0.2,0.38,0.0,2022,0.0,0.0,0.0,0.0
92,Hauts-de-Seine,DVC,6032.0,0.6,1.15,0.0,2022,0.0,0.0,0.0,0.0
92,Hauts-de-Seine,DVD,10306.0,1.03,1.97,0.0,2022,0.0,0.0,0.0,0.0
92,Hauts-de-Seine,DVG,2783.0,0.28,0.53,0.0,2022,0.0,0.0,0.0,0.0
92,Hauts-de-Seine,DXG,5372.0,0.53,1.03,0.0,2022,0.0,0.0,0.0,0.0
92,Hauts-de-Seine,ECO,18554.0,1.85,3.54,0.0,2022,0.0,0.0,0.0,0.0
92,Hauts-de-Seine,ENS,182596.0,18.18,34.84,0.0,2022,269945.0,26.88,54.37,8.0
92,Hauts-de-Seine,LR,65832.0,6.56,12.56,0.0,2022,42528.0,4.23,8.56,1.0
92,Hauts-de-Seine,NUP,147196.0,14.66,28.09,0.0,2022,184068.0,18.33,37.07,4.0
92,Hauts-de-Seine,RDG,2987.0,0.3,0.57,0.0,2022,0.0,0.0,0.0,0.0
92,Hauts-de-Seine,REC,29924.0,2.98,5.71,0.0,2022,0.0,0.0,0.0,0.0
92,Hauts-de-Seine,REG,138.0,0.01,0.03,0.0,2022,0.0,0.0,0.0,0.0
92,Hauts-de-Seine,RN,33866.0,3.37,6.46,0.0,2022,0.0,0.0,0.0,0.0
92,Hauts-de-Seine,UDI,11228.0,1.12,2.14,0.0,2022,0.0,0.0,0.0,0.0
93,Seine-Saint-Denis,DIV,5213.0,0.65,1.71,0.0,2022,0.0,0.0,0.0,0.0
93,Seine-Saint-Denis,DSV,979.0,0.12,0.32,0.0,2022,0.0,0.0,0.0,0.0
93,Seine-Saint-Denis,DVC,4425.0,0.55,1.45,0.0,2022,0.0,0.0,0.0,0.0
93,Seine-Saint-Denis,DVD,425.0,0.05,0.14,0.0,2022,0.0,0.0,0.0,0.0
93,Seine-Saint-Denis,DVG,18642.0,2.33,6.13,0.0,2022,0.0,0.0,0.0,0.0
93,Seine-Saint-Denis,DXG,5245.0,0.66,1.72,0.0,2022,0.0,0.0,0.0,0.0
93,Seine-Saint-Denis,ECO,8091.0,1.01,2.66,0.0,2022,0.0,0.0,0.0,0.0
93,Seine-Saint-Denis,ENS,50304.0,6.28,16.53,0.0,2022,61872.0,8.59,25.25,0.0
93,Seine-Saint-Denis,LR,14914.0,1.86,4.9,0.0,2022,11394.0,1.58,4.65,0.0
93,Seine-Saint-Denis,NUP,139909.0,17.48,45.98,1.0,2022,160361.0,22.27,65.45,11.0
93,Seine-Saint-Denis,RDG,1008.0,0.13,0.33,0.0,2022,0.0,0.0,0.0,0.0
93,Seine-Saint-Denis,REC,9681.0,1.21,3.18,0.0,2022,0.0,0.0,0.0,0.0
93,Seine-Saint-Denis,REG,1132.0,0.14,0.37,0.0,2022,0.0,0.0,0.0,0.0
93,Seine-Saint-Denis,RN,30460.0,3.81,10.01,0.0,2022,0.0,0.0,0.0,0.0
93,Seine-Saint-Denis,UDI,13871.0,1.73,4.56,0.0,2022,11395.0,1.58,4.65,0.0
94,Val-de-Marne,DIV,3151.0,0.39,0.84,0.0,2022,0.0,0.0,0.0,0.0
94,Val-de-Marne,DSV,2139.0,0.27,0.57,0.0,2022,0.0,0.0,0.0,0.0
94,Val-de-Marne,DVC,842.0,0.1,0.22,0.0,2022,0.0,0.0,0.0,0.0
94,Val-de-Marne,DVD,192.0,0.02,0.05,0.0,2022,0.0,0.0,0.0,0.0
94,Val-de-Marne,DVG,4098.0,0.51,1.09,0.0,2022,0.0,0.0,0.0,0.0
94,Val-de-Marne,DXG,5970.0,0.74,1.59,0.0,2022,0.0,0.0,0.0,0.0
94,Val-de-Marne,ECO,12593.0,1.57,3.36,0.0,2022,0.0,0.0,0.0,0.0
94,Val-de-Marne,ENS,98220.0,12.24,26.21,0.0,2022,152153.0,18.95,42.55,4.0
94,Val-de-Marne,LR,52371.0,6.52,13.98,0.0,2022,25641.0,3.19,7.17,1.0
94,Val-de-Marne,NUP,138274.0,17.23,36.9,0.0,2022,179817.0,22.4,50.28,6.0
94,Val-de-Marne,RDG,804.0,0.1,0.21,0.0,2022,0.0,0.0,0.0,0.0
94,Val-de-Marne,REC,17208.0,2.14,4.59,0.0,2022,0.0,0.0,0.0,0.0
94,Val-de-Marne,REG,435.0,0.05,0.12,0.0,2022,0.0,0.0,0.0,0.0
94,Val-de-Marne,RN,34220.0,4.26,9.13,0.0,2022,0.0,0.0,0.0,0.0
94,Val-de-Marne,UDI,4198.0,0.52,1.12,0.0,2022,0.0,0.0,0.0,0.0
95,Val-d'Oise,DIV,1874.0,0.25,0.6,0.0,2022,0.0,0.0,0.0,0.0
95,Val-d'Oise,DSV,3086.0,0.42,0.99,0.0,2022,0.0,0.0,0.0,0.0
95,Val-d'Oise,DVC,3718.0,0.5,1.19,0.0,2022,0.0,0.0,0.0,0.0
95,Val-d'Oise,DVG,11465.0,1.55,3.66,0.0,2022,0.0,0.0,0.0,0.0
95,Val-d'Oise,DXD,926.0,0.13,0.3,0.0,2022,0.0,0.0,0.0,0.0
95,Val-d'Oise,DXG,3823.0,0.52,1.22,0.0,2022,0.0,0.0,0.0,0.0
95,Val-d'Oise,ECO,13893.0,1.88,4.44,0.0,2022,0.0,0.0,0.0,0.0
95,Val-d'Oise,ENS,79032.0,10.71,25.23,0.0,2022,134012.0,18.16,45.36,6.0
95,Val-d'Oise,LR,31369.0,4.25,10.02,0.0,2022,0.0,0.0,0.0,0.0
95,Val-d'Oise,NUP,97919.0,13.27,31.27,0.0,2022,151052.0,20.47,51.13,4.0
95,Val-d'Oise,RDG,857.0,0.12,0.27,0.0,2022,0.0,0.0,0.0,0.0
95,Val-d'Oise,REC,14507.0,1.97,4.63,0.0,2022,0.0,0.0,0.0,0.0
95,Val-d'Oise,REG,290.0,0.04,0.09,0.0,2022,0.0,0.0,0.0,0.0
95,Val-d'Oise,RN,48932.0,6.63,15.62,0.0,2022,10377.0,1.41,3.51,0.0
95,Val-d'Oise,UDI,1499.0,0.2,0.48,0.0,2022,0.0,0.0,0.0,0.0
ZA,Guadeloupe,DIV,2713.0,0.86,3.61,0.0,2022,0.0,0.0,0.0,0.0
ZA,Guadeloupe,DSV,241.0,0.08,0.32,0.0,2022,0.0,0.0,0.0,0.0
ZA,Guadeloupe,DVC,3736.0,1.18,4.97,0.0,2022,0.0,0.0,0.0,0.0
ZA,Guadeloupe,DVD,224.0,0.07,0.3,0.0,2022,0.0,0.0,0.0,0.0
ZA,Guadeloupe,DVG,44079.0,13.93,58.67,0.0,2022,59621.0,18.85,72.77,4.0
ZA,Guadeloupe,DXD,935.0,0.3,1.24,0.0,2022,0.0,0.0,0.0,0.0
ZA,Guadeloupe,DXG,1409.0,0.45,1.88,0.0,2022,0.0,0.0,0.0,0.0
ZA,Guadeloupe,ECO,2191.0,0.69,2.92,0.0,2022,0.0,0.0,0.0,0.0
ZA,Guadeloupe,ENS,9385.0,2.97,12.49,0.0,2022,10915.0,3.45,13.32,0.0
ZA,Guadeloupe,LR,634.0,0.2,0.84,0.0,2022,0.0,0.0,0.0,0.0
ZA,Guadeloupe,REC,393.0,0.12,0.52,0.0,2022,0.0,0.0,0.0,0.0
ZA,Guadeloupe,REG,1152.0,0.36,1.53,0.0,2022,0.0,0.0,0.0,0.0
ZA,Guadeloupe,RN,7898.0,2.5,10.51,0.0,2022,11393.0,3.6,13.91,0.0
ZA,Guadeloupe,UDI,136.0,0.04,0.18,0.0,2022,0.0,0.0,0.0,0.0
ZB,Martinique,DVD,595.0,0.2,0.96,0.0,2022,0.0,0.0,0.0,0.0
ZB,Martinique,DVG,27051.0,8.88,43.56,0.0,2022,19149.0,6.29,26.27,2.0
ZB,Martinique,DXG,984.0,0.32,1.58,0.0,2022,0.0,0.0,0.0,0.0
ZB,Martinique,ECO,1043.0,0.34,1.68,0.0,2022,0.0,0.0,0.0,0.0
ZB,Martinique,ENS,783.0,0.26,1.26,0.0,2022,0.0,0.0,0.0,0.0
ZB,Martinique,LR,88.0,0.03,0.14,0.0,2022,0.0,0.0,0.0,0.0
ZB,Martinique,REC,503.0,0.17,0.81,0.0,2022,0.0,0.0,0.0,0.0
ZB,Martinique,REG,27798.0,9.13,44.77,0.0,2022,53754.0,17.65,73.73,2.0
ZB,Martinique,RN,1990.0,0.65,3.2,0.0,2022,0.0,0.0,0.0,0.0
ZB,Martinique,UDI,1260.0,0.41,2.03,0.0,2022,0.0,0.0,0.0,0.0
ZC,Guyane,DSV,149.0,0.14,0.56,0.0,2022,0.0,0.0,0.0,0.0
ZC,Guyane,DVC,1647.0,1.59,6.14,0.0,2022,0.0,0.0,0.0,0.0
ZC,Guyane,DVD,4077.0,3.94,15.21,0.0,2022,0.0,0.0,0.0,0.0
ZC,Guyane,DVG,7047.0,6.81,26.28,0.0,2022,8277.0,7.99,26.46,1.0
ZC,Guyane,ENS,3754.0,3.63,14.0,0.0,2022,7014.0,6.77,22.42,0.0
ZC,Guyane,REG,8896.0,8.6,33.18,0.0,2022,15989.0,15.43,51.12,1.0
ZC,Guyane,RN,1242.0,1.2,4.63,0.0,2022,0.0,0.0,0.0,0.0
ZD,La Réunion,DIV,1239.0,0.18,0.64,0.0,2022,0.0,0.0,0.0,0.0
ZD,La Réunion,DSV,3390.0,0.5,1.75,0.0,2022,0.0,0.0,0.0,0.0
ZD,La Réunion,DVC,18300.0,2.7,9.47,0.0,2022,17537.0,2.59,8.23,0.0
ZD,La Réunion,DVD,16833.0,2.48,8.71,0.0,2022,38917.0,5.74,18.27,1.0
ZD,La Réunion,DVG,80691.0,11.9,41.77,0.0,2022,119914.0,17.68,56.3,6.0
ZD,La Réunion,DXG,7766.0,1.15,4.02,0.0,2022,11229.0,1.66,5.27,0.0
ZD,La Réunion,ECO,7249.0,1.07,3.75,0.0,2022,0.0,0.0,0.0,0.0
ZD,La Réunion,ENS,9093.0,1.34,4.71,0.0,2022,0.0,0.0,0.0,0.0
ZD,La Réunion,LR,14579.0,2.15,7.55,0.0,2022,17363.0,2.56,8.15,0.0
ZD,La Réunion,RDG,228.0,0.03,0.12,0.0,2022,0.0,0.0,0.0,0.0
ZD,La Réunion,REC,467.0,0.07,0.24,0.0,2022,0.0,0.0,0.0,0.0
ZD,La Réunion,REG,6744.0,0.99,3.49,0.0,2022,0.0,0.0,0.0,0.0
ZD,La Réunion,RN,19748.0,2.91,10.22,0.0,2022,0.0,0.0,0.0,0.0
ZD,La Réunion,UDI,6839.0,1.01,3.54,0.0,2022,8013.0,1.18,3.76,0.0
ZM,Mayotte,DIV,6949.0,7.5,18.28,0.0,2022,18295.0,19.73,43.2,1.0
ZM,Mayotte,DVC,9048.0,9.77,23.8,0.0,2022,9806.0,10.57,23.15,0.0
ZM,Mayotte,DVD,1449.0,1.56,3.81,0.0,2022,0.0,0.0,0.0,0.0
ZM,Mayotte,DVG,5348.0,5.77,14.07,0.0,2022,0.0,0.0,0.0,0.0
ZM,Mayotte,ENS,5292.0,5.71,13.92,0.0,2022,0.0,0.0,0.0,0.0
ZM,Mayotte,LR,9357.0,10.1,24.62,0.0,2022,14250.0,15.37,33.65,1.0
ZM,Mayotte,RN,567.0,0.61,1.49,0.0,2022,0.0,0.0,0.0,0.0
ZN,Nouvelle-Calédonie,DIV,313.0,0.14,0.45,0.0,2022,0.0,0.0,0.0,0.0
ZN,Nouvelle-Calédonie,DSV,1114.0,0.51,1.6,0.0,2022,0.0,0.0,0.0,0.0
ZN,Nouvelle-Calédonie,DVC,2475.0,1.13,3.56,0.0,2022,0.0,0.0,0.0,0.0
ZN,Nouvelle-Calédonie,DVD,2816.0,1.28,4.05,0.0,2022,0.0,0.0,0.0,0.0
ZN,Nouvelle-Calédonie,ENS,25534.0,11.65,36.71,0.0,2022,57050.0,26.03,59.1,2.0
ZN,Nouvelle-Calédonie,LR,12860.0,5.87,18.49,0.0,2022,0.0,0.0,0.0,0.0
ZN,Nouvelle-Calédonie,REG,20897.0,9.53,30.05,0.0,2022,39479.0,18.01,40.9,0.0
ZN,Nouvelle-Calédonie,RN,3541.0,1.62,5.09,0.0,2022,0.0,0.0,0.0,0.0
ZP,Polynésie française,DIV,747.0,0.36,0.87,0.0,2022,0.0,0.0,0.0,0.0
ZP,Polynésie française,DSV,123.0,0.06,0.14,0.0,2022,0.0,0.0,0.0,0.0
ZP,Polynésie française,DVD,23409.0,11.35,27.37,0.0,2022,0.0,0.0,0.0,0.0
ZP,Polynésie française,DXG,86.0,0.04,0.1,0.0,2022,0.0,0.0,0.0,0.0
ZP,Polynésie française,ECO,2477.0,1.2,2.9,0.0,2022,0.0,0.0,0.0,0.0
ZP,Polynésie française,ENS,30758.0,14.91,35.96,0.0,2022,46635.0,22.6,43.15,0.0
ZP,Polynésie française,REG,27364.0,13.26,31.99,0.0,2022,61437.0,29.77,56.85,3.0
ZP,Polynésie française,RN,562.0,0.27,0.66,0.0,2022,0.0,0.0,0.0,0.0
ZS,Saint-Pierre-et-Miquelon,DIV,473.0,9.36,17.9,0.0,2022,0.0,0.0,0.0,0.0
ZS,Saint-Pierre-et-Miquelon,DVD,856.0,16.94,32.39,0.0,2022,1329.0,26.32,50.36,1.0
ZS,Saint-Pierre-et-Miquelon,DVG,1314.0,26.0,49.72,0.0,2022,1310.0,25.95,49.64,0.0
ZW,Wallis et Futuna,DVC,5457.0,56.89,73.35,0.0,2022,7418.0,77.43,100.0,1.0
ZW,Wallis et Futuna,DVG,1061.0,11.06,14.26,0.0,2022,0.0,0.0,0.0,0.0
ZW,Wallis et Futuna,ECO,922.0,9.61,12.39,0.0,2022,0.0,0.0,0.0,0.0
ZX,Saint-Martin/Saint-Barthélemy,DIV,304.0,1.24,6.01,0.0,2022,0.0,0.0,0.0,0.0
ZX,Saint-Martin/Saint-Barthélemy,DVC,2383.0,9.7,47.09,0.0,2022,3921.0,15.96,67.21,1.0
ZX,Saint-Martin/Saint-Barthélemy,DVD,1398.0,5.69,27.62,0.0,2022,1913.0,7.79,32.79,0.0
ZX,Saint-Martin/Saint-Barthélemy,LR,330.0,1.34,6.52,0.0,2022,0.0,0.0,0.0,0.0
ZX,Saint-Martin/Saint-Barthélemy,REC,447.0,1.82,8.83,0.0,2022,0.0,0.0,0.0,0.0
ZX,Saint-Martin/Saint-Barthélemy,REG,199.0,0.81,3.93,0.0,2022,0.0,0.0,0.0,0.0
ZZ,Français établis hors de France,DIV,13607.0,0.94,4.23,0.0,2022,0.0,0.0,0.0,0.0
ZZ,Français établis hors de France,DSV,1533.0,0.11,0.48,0.0,2022,0.0,0.0,0.0,0.0
ZZ,Français établis hors de France,DVC,24944.0,1.72,7.75,0.0,2022,14836.0,1.03,4.33,1.0
ZZ,Français établis hors de France,DVD,12874.0,0.89,4.0,0.0,2022,0.0,0.0,0.0,0.0
ZZ,Français établis hors de France,DVG,6968.0,0.48,2.17,0.0,2022,0.0,0.0,0.0,0.0
ZZ,Français établis hors de France,DXD,101.0,0.01,0.03,0.0,2022,0.0,0.0,0.0,0.0
ZZ,Français établis hors de France,ECO,8669.0,0.6,2.69,0.0,2022,0.0,0.0,0.0,0.0
ZZ,Français établis hors de France,ENS,109917.0,7.6,34.16,0.0,2022,181581.0,12.55,53.0,8.0
ZZ,Français établis hors de France,LR,19314.0,1.34,6.0,0.0,2022,0.0,0.0,0.0,0.0
ZZ,Français établis hors de France,NUP,91576.0,6.33,28.46,0.0,2022,137749.0,9.52,40.2,1.0
ZZ,Français établis hors de France,RDG,310.0,0.02,0.1,0.0,2022,0.0,0.0,0.0,0.0
ZZ,Français établis hors de France,REC,18948.0,1.31,5.89,0.0,2022,0.0,0.0,0.0,0.0
ZZ,Français établis hors de France,REG,641.0,0.04,0.2,0.0,2022,0.0,0.0,0.0,0.0
ZZ,Français établis hors de France,RN,7824.0,0.54,2.43,0.0,2022,0.0,0.0,0.0,0.0
ZZ,Français établis hors de France,UDI,4572.0,0.32,1.42,0.0,2022,8470.0,0.59,2.47,1.0
